match_id,player,senson,result,rank_before,rank_after,score_change,KD,kills,deaths,assists,map
1,Blessssu.Mas,Y11S1,LOSS,,1000,,0.6,3,5,0,Bank
1,Blessssu.Mas,Y10S4,WIN,1000,1119,119,1.17,7,6,2,Bank
2,Blessssu.Mas,Y11S1,WIN,1000,1119,119,0.67,2,3,1,Consulate
2,Blessssu.Mas,Y10S4,LOSS,1119,1111,-8,0.71,5,7,1,Oregon
3,Blessssu.Mas,Y11S1,WIN,1119,1237,118,7,7,1,3,Coastline
3,Blessssu.Mas,Y10S4,WIN,1111,1229,118,1.67,5,3,1,Kanal
4,Blessssu.Mas,Y10S4,WIN,1229,1347,118,1,5,5,2,Oregon
5,Blessssu.Mas,Y10S4,LOSS,1347,1339,-8,0.2,1,5,2,Fortress
6,Blessssu.Mas,Y10S4,WIN,1339,1456,117,1.75,7,4,5,Consulate
7,Blessssu.Mas,Y10S4,LOSS,1456,1448,-8,0.83,5,6,4,Theme Park
8,Blessssu.Mas,Y10S4,WIN,1448,1563,115,1.67,5,3,4,Border
9,Blessssu.Mas,Y10S4,WIN,1563,1677,114,0.43,3,7,6,Nighthaven Labs
10,Blessssu.Mas,Y10S4,WIN,1677,1791,114,0.2,1,5,2,Border
11,Blessssu.Mas,Y10S4,LOSS,1791,1783,-8,0.86,6,7,0,Outback
12,Blessssu.Mas,Y10S4,LOSS,1783,1775,-8,1.57,11,7,4,Skyscraper
13,Blessssu.Mas,Y10S4,LOSS,1775,1767,-8,0,0,4,1,Oregon
14,Blessssu.Mas,Y10S4,WIN,1767,1878,111,0.67,4,6,0,Consulate
15,Blessssu.Mas,Y10S4,LOSS,1878,1870,-8,0.38,3,8,0,Oregon
16,Blessssu.Mas,Y10S4,LOSS,1870,1862,-8,0.75,3,4,0,Chalet
17,Blessssu.Mas,Y10S4,WIN,1862,1970,108,1,3,3,4,Outback
18,Blessssu.Mas,Y10S4,LOSS,1970,1962,-8,0.25,1,4,1,Outback
19,Blessssu.Mas,Y10S4,LOSS,1962,1954,-8,0.43,3,7,2,Border
20,Blessssu.Mas,Y10S4,WIN,1954,2059,105,0.5,2,4,1,Kanal
21,Blessssu.Mas,Y10S4,WIN,2059,2162,103,1.75,7,4,1,Kafe Dostoyevsky
22,Blessssu.Mas,Y10S4,WIN,2162,2264,102,1.75,7,4,1,Lair
23,Blessssu.Mas,Y10S4,LOSS,2264,2256,-8,1.29,9,7,6,Kanal
24,Blessssu.Mas,Y10S4,LOSS,2256,2248,-8,0.5,4,8,4,Kafe Dostoyevsky
25,Blessssu.Mas,Y10S4,WIN,2248,2346,98,6,6,1,0,Border
26,Blessssu.Mas,Y10S4,WIN,2346,2442,96,0.8,4,5,4,Oregon
27,Blessssu.Mas,Y10S4,LOSS,2442,2434,-8,0.25,1,4,0,Fortress
28,Blessssu.Mas,Y10S4,LOSS,2434,2426,-8,1,5,5,0,Nighthaven Labs
29,Blessssu.Mas,Y10S4,WIN,2426,2518,92,1,4,4,1,Bank
30,Blessssu.Mas,Y10S4,WIN,2518,2608,90,0.25,1,4,2,Skyscraper
31,Blessssu.Mas,Y10S4,LOSS,2608,2600,-8,0.5,3,6,4,Kanal
32,Blessssu.Mas,Y10S4,Unknown,,2592,,0.5,1,2,0,Coastline
33,Blessssu.Mas,Y10S4,WIN,2592,2679,87,0.5,2,4,1,Consulate
34,Blessssu.Mas,Y10S4,WIN,2679,2764,85,2.25,9,4,2,Kafe Dostoyevsky
35,Blessssu.Mas,Y10S4,WIN,2764,2847,83,2,2,1,0,Consulate
36,Blessssu.Mas,Y10S4,LOSS,2847,2839,-8,0.5,2,4,1,Kafe Dostoyevsky
37,Blessssu.Mas,Y10S4,WIN,2839,2919,80,2,8,4,2,Nighthaven Labs
38,Blessssu.Mas,Y10S4,LOSS,2919,2911,-8,0.75,6,8,2,Fortress
39,Blessssu.Mas,Y10S4,WIN,2911,2988,77,1.29,9,7,3,Lair
40,Blessssu.Mas,Y10S4,LOSS,2988,2979,-9,0.75,3,4,1,Coastline
41,Blessssu.Mas,Y10S4,WIN,2979,3052,73,0.86,6,7,3,Chalet
42,Blessssu.Mas,Y10S4,WIN,3052,3124,72,0.5,2,4,1,Kafe Dostoyevsky
43,Blessssu.Mas,Y10S4,LOSS,3124,3114,-10,1,7,7,1,Oregon
44,Blessssu.Mas,Y10S4,LOSS,3114,3103,-11,0.6,3,5,0,Chalet
45,Blessssu.Mas,Y10S4,WIN,3103,3169,66,1.6,8,5,2,Kanal
46,Blessssu.Mas,Y10S4,LOSS,3169,3157,-12,0.8,4,5,2,Oregon
47,Blessssu.Mas,Y10S4,WIN,3157,3220,63,0.67,2,3,4,Chalet
48,Blessssu.Mas,Y10S4,LOSS,3220,3207,-13,0.43,3,7,2,Consulate
49,Blessssu.Mas,Y10S4,WIN,3207,3267,60,0.2,1,5,1,Theme Park
50,Blessssu.Mas,Y10S4,WIN,3267,3327,60,0.5,2,4,3,Kafe Dostoyevsky
51,Blessssu.Mas,Y10S4,WIN,3327,3386,59,5,5,1,0,Fortress
52,Blessssu.Mas,Y10S4,LOSS,3386,3372,-14,0.8,4,5,1,Border
53,Blessssu.Mas,Y10S4,WIN,3372,3427,55,2.5,5,2,4,Lair
54,Blessssu.Mas,Y10S4,WIN,3427,3482,55,1,7,7,4,Lair
55,Blessssu.Mas,Y10S4,WIN,3482,3537,55,2.2,11,5,1,Fortress
56,Blessssu.Mas,Y10S4,LOSS,3537,3522,-15,1,7,7,2,Fortress
57,Blessssu.Mas,Y10S4,WIN,3522,3569,47,0.33,2,6,4,Border
58,Blessssu.Mas,Y10S4,WIN,3569,3616,47,0.57,4,7,3,Coastline
59,Blessssu.Mas,Y10S4,LOSS,3616,3600,-16,0.8,4,5,0,Fortress
60,Blessssu.Mas,Y10S4,LOSS,3600,3584,-16,0.5,2,4,1,Border
61,Blessssu.Mas,Y10S4,LOSS,3584,3567,-17,0.5,2,4,0,Outback
62,Blessssu.Mas,Y10S4,LOSS,3567,3550,-17,0.83,5,6,1,Theme Park
63,Blessssu.Mas,Y10S4,WIN,3550,3591,41,1.5,3,2,2,Border
64,Blessssu.Mas,Y10S4,LOSS,3591,3574,-17,0.6,3,5,0,Oregon
65,Blessssu.Mas,Y10S4,LOSS,3574,3556,-18,0.33,2,6,0,Kafe Dostoyevsky
66,Blessssu.Mas,Y10S4,WIN,3556,3595,39,0.83,5,6,1,Clubhouse
67,Blessssu.Mas,Y10S4,LOSS,3595,3577,-18,1,6,6,1,Bank
68,Blessssu.Mas,Y10S4,LOSS,3577,3559,-18,0.8,4,5,1,Villa
69,Blessssu.Mas,Y10S4,LOSS,3559,3540,-19,0.75,3,4,1,Chalet
70,Blessssu.Mas,Y10S4,LOSS,3540,3521,-19,0.6,3,5,1,Fortress
71,Blessssu.Mas,Y10S4,WIN,3521,3556,35,4,4,1,2,Skyscraper
72,Blessssu.Mas,Y10S4,LOSS,3556,3537,-19,0,0,5,0,Kanal
73,Blessssu.Mas,Y10S4,WIN,3537,3571,34,1,2,2,2,Villa
74,Blessssu.Mas,Y10S4,LOSS,3571,3552,-19,0.25,1,4,1,Villa
75,Blessssu.Mas,Y10S4,WIN,3552,3587,35,3,6,2,2,Coastline
76,Blessssu.Mas,Y10S4,LOSS,3587,3567,-20,1.4,7,5,1,Theme Park
77,Blessssu.Mas,Y10S4,LOSS,3567,3547,-20,0.5,4,8,2,Villa
78,Blessssu.Mas,Y10S4,LOSS,3547,3527,-20,0.5,2,4,0,Coastline
79,Blessssu.Mas,Y10S4,WIN,3527,3558,31,1.2,6,5,2,Oregon
80,Blessssu.Mas,Y10S4,WIN,3558,3590,32,3,6,2,0,Border
81,Blessssu.Mas,Y10S4,LOSS,3590,3570,-20,1.25,5,4,2,Oregon
82,Blessssu.Mas,Y10S4,LOSS,3570,3550,-20,1.25,5,4,0,Oregon
83,Blessssu.Mas,Y10S4,WIN,3550,3581,31,1.4,7,5,1,Chalet
84,Blessssu.Mas,Y10S4,WIN,3581,3612,31,1.33,4,3,2,Skyscraper
85,Blessssu.Mas,Y10S4,LOSS,3612,3600,-12,0.25,1,4,1,Kafe Dostoyevsky
86,Blessssu.Mas,Y10S4,WIN,3600,3628,28,0.38,3,8,0,Border
87,Blessssu.Mas,Y10S4,LOSS,3628,3608,-20,0.8,4,5,1,Kafe Dostoyevsky
88,Blessssu.Mas,Y10S4,LOSS,3608,3600,-8,0.2,1,5,4,Border
89,Blessssu.Mas,Y10S4,LOSS,3600,3579,-21,0.6,3,5,1,Lair
90,Blessssu.Mas,Y10S4,WIN,3579,3608,29,0,0,5,2,Theme Park
91,Blessssu.Mas,Y10S4,LOSS,3608,3600,-8,0.2,1,5,1,Kafe Dostoyevsky
92,Blessssu.Mas,Y10S4,LOSS,3600,3578,-22,0.2,1,5,2,Outback
93,Blessssu.Mas,Y10S4,WIN,3578,3603,25,1.33,4,3,1,Kafe Dostoyevsky
94,Blessssu.Mas,Y10S4,LOSS,3603,3600,-3,0.5,2,4,0,Coastline
95,Blessssu.Mas,Y10S4,LOSS,3600,3577,-23,1.5,6,4,1,Border
96,Blessssu.Mas,Y10S4,LOSS,3577,3554,-23,1.6,8,5,1,Theme Park
97,Blessssu.Mas,Y10S4,LOSS,3554,3531,-23,0.5,2,4,1,Clubhouse
98,Blessssu.Mas,Y10S4,LOSS,3531,3507,-24,0.8,4,5,1,Chalet
99,Blessssu.Mas,Y10S4,LOSS,3507,3500,-7,1,6,6,2,Nighthaven Labs
100,Blessssu.Mas,Y10S4,WIN,3500,3518,18,2.67,8,3,2,Chalet
101,Blessssu.Mas,Y10S4,LOSS,3518,3500,-18,0.88,7,8,3,Coastline
102,Blessssu.Mas,Y10S4,WIN,3500,3516,16,0.75,3,4,1,Fortress
103,Blessssu.Mas,Y10S4,LOSS,3516,3500,-16,0.71,5,7,1,Skyscraper
104,Blessssu.Mas,Y10S4,Unknown,3500,3484,-16,0,0,0,0,
105,Blessssu.Mas,Y10S4,LOSS,3484,3458,-26,0.6,3,5,2,Coastline
106,Blessssu.Mas,Y10S4,WIN,3458,3474,16,1,5,5,4,Kanal
107,Blessssu.Mas,Y10S4,LOSS,3474,3448,-26,0.2,1,5,1,Clubhouse
108,Blessssu.Mas,Y10S4,WIN,3448,3464,16,0.67,2,3,2,Clubhouse
109,Blessssu.Mas,Y10S4,WIN,3464,3482,18,2.67,8,3,1,Chalet
110,Blessssu.Mas,Y10S4,LOSS,3482,3457,-25,1,5,5,0,Outback
111,Blessssu.Mas,Y10S4,LOSS,3457,3431,-26,1.75,7,4,0,Villa
112,Blessssu.Mas,Y10S4,WIN,3431,3448,17,1,3,3,1,Consulate
113,Blessssu.Mas,Y10S4,WIN,3448,3466,18,1.5,12,8,3,Kanal
114,Blessssu.Mas,Y10S4,WIN,3466,3486,20,2.25,9,4,3,Bank
115,Blessssu.Mas,Y10S4,LOSS,3486,3461,-25,0.4,2,5,1,Skyscraper
116,Blessssu.Mas,Y10S4,WIN,3461,3481,20,1,3,3,1,Coastline
117,Blessssu.Mas,Y10S4,WIN,3481,3502,21,0.67,2,3,2,Oregon
118,Blessssu.Mas,Y10S4,WIN,3502,3522,20,0,0,1,1,Coastline
119,Blessssu.Mas,Y10S4,WIN,3522,3543,21,0.5,2,4,2,Lair
120,Blessssu.Mas,Y10S4,LOSS,3543,3519,-24,0.25,1,4,2,Chalet
121,Blessssu.Mas,Y10S4,WIN,3519,3540,21,1.8,9,5,1,Outback
122,Blessssu.Mas,Y10S4,WIN,3540,3563,23,1,2,2,2,Bank
123,Blessssu.Mas,Y10S4,LOSS,3563,3539,-24,0.83,5,6,1,Consulate
124,Blessssu.Mas,Y10S4,WIN,3539,3560,21,1,2,2,1,Kanal
125,Blessssu.Mas,Y10S4,WIN,3560,3583,23,1,4,4,1,Oregon
126,Blessssu.Mas,Y10S4,LOSS,3583,3560,-23,0.2,1,5,1,Bank
127,Blessssu.Mas,Y10S4,WIN,3560,3582,22,1.5,6,4,0,Kanal
128,Blessssu.Mas,Y10S4,WIN,3582,3606,24,0.8,4,5,0,Fortress
129,Blessssu.Mas,Y10S4,LOSS,3606,3600,-6,0.57,4,7,3,Oregon
130,Blessssu.Mas,Y10S4,LOSS,3600,3576,-24,1,5,5,0,Fortress
131,Blessssu.Mas,Y10S4,WIN,3576,3596,20,5,5,1,1,Villa
132,Blessssu.Mas,Y10S4,WIN,3596,3618,22,1.33,4,3,3,Chalet
133,Blessssu.Mas,Y10S4,LOSS,3618,3600,-18,0.25,1,4,0,Fortress
134,Blessssu.Mas,Y10S4,Unknown,,3576,,0.75,3,4,1,Clubhouse
135,Blessssu.Mas,Y10S4,WIN,3576,3596,20,0.67,2,3,1,Outback
136,Blessssu.Mas,Y10S4,WIN,3596,3618,22,0.25,1,4,5,Kafe Dostoyevsky
137,Blessssu.Mas,Y10S4,LOSS,3618,3600,-18,0.75,3,4,1,Fortress
138,Blessssu.Mas,Y10S4,LOSS,3600,3576,-24,0,0,5,1,Fortress
139,Blessssu.Mas,Y10S4,LOSS,3576,3552,-24,1,4,4,0,Nighthaven Labs
140,Blessssu.Mas,Y10S4,WIN,3552,3572,20,1,5,5,3,Bank
141,Blessssu.Mas,Y10S4,WIN,3572,3593,21,1.5,6,4,3,Outback
142,Blessssu.Mas,Y10S4,WIN,3593,3615,22,0.6,3,5,0,Coastline
143,Blessssu.Mas,Y10S4,WIN,3615,3635,20,1,3,3,1,Chalet
144,Blessssu.Mas,Y10S4,WIN,3635,3656,21,0,0,5,3,Kanal
145,Blessssu.Mas,Y10S4,LOSS,3656,3633,-23,0.5,4,8,1,Kanal
146,Blessssu.Mas,Y10S4,LOSS,3633,3610,-23,0,0,4,0,Bank
147,Blessssu.Mas,Y10S4,LOSS,3610,3600,-10,0.83,5,6,2,Clubhouse
148,Blessssu.Mas,Y10S4,LOSS,3600,3576,-24,1,4,4,1,Fortress
149,Blessssu.Mas,Y10S4,LOSS,3576,3552,-24,0.25,1,4,0,Nighthaven Labs
150,Blessssu.Mas,Y10S4,LOSS,3552,3528,-24,0.2,1,5,0,Border
151,Blessssu.Mas,Y10S4,LOSS,3528,3504,-24,0.29,2,7,1,Nighthaven Labs
152,Blessssu.Mas,Y10S4,LOSS,3504,3500,-4,1,5,5,0,Fortress
153,Blessssu.Mas,Y10S4,LOSS,3500,3475,-25,0.83,5,6,1,Kafe Dostoyevsky
154,Blessssu.Mas,Y10S4,LOSS,3475,3449,-26,0,0,4,3,Lair
155,Blessssu.Mas,Y10S4,WIN,3449,3466,17,1.2,6,5,1,Chalet
156,Blessssu.Mas,Y10S4,WIN,3466,3484,18,1,3,3,1,Oregon
157,Blessssu.Mas,Y10S4,LOSS,3484,3459,-25,0.43,3,7,5,Fortress
158,Blessssu.Mas,Y10S4,WIN,3459,3478,19,2,6,3,0,Lair
159,Blessssu.Mas,Y10S4,WIN,3478,3498,20,0.5,3,6,1,Bank
160,Blessssu.Mas,Y10S4,LOSS,3498,3473,-25,0.25,1,4,0,Fortress
161,Blessssu.Mas,Y10S4,LOSS,3473,3448,-25,0.33,2,6,2,Outback
162,Blessssu.Mas,Y10S4,WIN,3448,3467,19,5,5,1,0,Border
163,Blessssu.Mas,Y10S4,LOSS,3467,3443,-24,0.33,1,3,1,Oregon
164,Blessssu.Mas,Y10S4,WIN,3443,3465,22,1.33,4,3,0,Villa
165,Blessssu.Mas,Y10S4,WIN,3465,3488,23,0.71,5,7,7,Villa
166,Blessssu.Mas,Y10S4,WIN,3488,3512,24,2.5,5,2,2,Coastline
167,Blessssu.Mas,Y10S4,WIN,3512,3534,22,1.4,7,5,2,Fortress
168,Blessssu.Mas,Y10S4,WIN,3534,3557,23,1.33,4,3,0,Kanal
169,Blessssu.Mas,Y10S4,WIN,3557,3582,25,1,5,5,1,Fortress
170,Blessssu.Mas,Y10S4,LOSS,3582,3559,-23,0.6,3,5,0,Border
171,Blessssu.Mas,Y10S4,LOSS,3559,3536,-23,1.25,5,4,1,Chalet
172,Blessssu.Mas,Y10S4,WIN,3536,3560,24,0.67,2,3,3,Consulate
173,Blessssu.Mas,Y10S4,LOSS,3560,3537,-23,0.4,2,5,1,Skyscraper
174,Blessssu.Mas,Y10S4,LOSS,3537,3514,-23,0.75,3,4,1,Coastline
175,Blessssu.Mas,Y10S4,WIN,3514,3536,22,1.33,8,6,0,Bank
176,Blessssu.Mas,Y10S4,WIN,3536,3559,23,1.5,6,4,3,Consulate
177,Blessssu.Mas,Y10S4,LOSS,3559,3536,-23,1,5,5,2,Kanal
178,Blessssu.Mas,Y10S4,WIN,3536,3559,23,2.5,5,2,0,Coastline
179,Blessssu.Mas,Y10S4,LOSS,3559,3536,-23,1.4,7,5,1,Villa
180,Blessssu.Mas,Y10S4,LOSS,3536,3512,-24,0.75,3,4,0,Consulate
181,Blessssu.Mas,Y10S4,WIN,3512,3534,22,3.5,7,2,2,Oregon
182,Blessssu.Mas,Y10S4,LOSS,3534,3510,-24,0.71,5,7,2,Border
183,Blessssu.Mas,Y10S4,LOSS,3510,3500,-10,0.22,2,9,4,Oregon
184,Blessssu.Mas,Y10S4,WIN,3500,3519,19,1,2,2,2,Consulate
185,Blessssu.Mas,Y10S4,WIN,3519,3540,21,0.75,3,4,1,Oregon
186,Blessssu.Mas,Y10S4,WIN,3540,3562,22,6,6,1,1,Kafe Dostoyevsky
187,Blessssu.Mas,Y10S4,WIN,3562,3585,23,0.33,1,3,1,Border
188,Blessssu.Mas,Y10S4,WIN,3585,3609,24,0.75,3,4,2,Oregon
1,Ritzao,Y10S4,WIN,1000,1122,122,12,12,1,2,
2,Ritzao,Y10S4,WIN,1122,1244,122,0.67,2,3,4,
3,Ritzao,Y10S4,WIN,1244,1366,122,6,6,1,2,Kanal
4,Ritzao,Y10S4,LOSS,1366,1358,-8,0.71,5,7,1,Outback
5,Ritzao,Y10S4,LOSS,1358,1350,-8,1,5,5,1,Chalet
6,Ritzao,Y10S4,LOSS,1350,1342,-8,1,4,4,2,Border
7,Ritzao,Y10S4,WIN,1342,1463,121,2,4,2,2,Outback
8,Ritzao,Y10S4,WIN,1463,1584,121,0.67,4,6,1,Outback
9,Ritzao,Y10S4,WIN,1584,1705,121,2.33,7,3,2,Theme Park
10,Ritzao,Y10S4,WIN,1705,1825,120,1.67,5,3,1,Clubhouse
11,Ritzao,Y10S4,WIN,1825,1945,120,2,6,3,0,Border
12,Ritzao,Y10S4,WIN,1945,2064,119,1.67,5,3,3,Coastline
13,Ritzao,Y10S4,WIN,2064,2182,118,2,8,4,2,Consulate
14,Ritzao,Y10S4,LOSS,2182,2174,-8,1.25,5,4,2,Bank
15,Ritzao,Y10S4,WIN,2174,2291,117,1.83,11,6,4,Nighthaven Labs
16,Ritzao,Y10S4,LOSS,2291,2283,-8,1.4,7,5,2,Coastline
17,Ritzao,Y10S4,WIN,2283,2399,116,1,3,3,2,Nighthaven Labs
18,Ritzao,Y10S4,WIN,2399,2514,115,1,4,4,2,Border
19,Ritzao,Y10S4,WIN,2514,2627,113,6,6,1,1,Kanal
20,Ritzao,Y10S4,WIN,2627,2739,112,8,8,0,1,Villa
21,Ritzao,Y10S4,WIN,2739,2849,110,1.67,10,6,2,Kafe Dostoyevsky
22,Ritzao,Y10S4,LOSS,2849,2841,-8,0.5,1,2,0,Nighthaven Labs
23,Ritzao,Y10S4,WIN,2841,2949,108,4.33,13,3,4,Skyscraper
24,Ritzao,Y10S4,LOSS,2949,2941,-8,0.2,1,5,0,Skyscraper
25,Ritzao,Y10S4,WIN,2941,3046,105,5,5,1,0,Coastline
26,Ritzao,Y10S4,WIN,3046,3149,103,0.71,5,7,1,Fortress
27,Ritzao,Y10S4,WIN,3149,3249,100,1.33,4,3,1,Consulate
28,Ritzao,Y10S4,LOSS,3249,3241,-8,1,3,3,0,Kafe Dostoyevsky
29,Ritzao,Y10S4,LOSS,3241,3233,-8,0.88,7,8,1,Skyscraper
30,Ritzao,Y10S4,LOSS,3233,3225,-8,0.83,5,6,3,Chalet
31,Ritzao,Y10S4,LOSS,3225,3217,-8,1,5,5,1,Fortress
32,Ritzao,Y10S4,WIN,3217,3315,98,0.78,7,9,3,Kafe Dostoyevsky
33,Ritzao,Y10S4,WIN,3315,3410,95,1.75,7,4,1,Fortress
34,Ritzao,Y10S4,LOSS,3410,3402,-8,1,6,6,2,Fortress
35,Ritzao,Y10S4,WIN,3402,3494,92,1.33,8,6,2,Villa
36,Ritzao,Y10S4,WIN,3494,3582,88,4,4,1,0,Consulate
37,Ritzao,Y10S4,LOSS,3582,3574,-8,0.6,3,5,3,Border
38,Ritzao,Y10S4,LOSS,3574,3566,-8,0.5,2,4,1,Outback
39,Ritzao,Y10S4,WIN,3566,3642,76,1.33,4,3,1,Clubhouse
40,Ritzao,Y10S4,LOSS,3642,3634,-8,0,0,0,0,Kafe Dostoyevsky
41,Ritzao,Y10S4,LOSS,3634,3626,-8,1.4,7,5,1,Consulate
42,Ritzao,Y10S4,LOSS,3626,3618,-8,0,0,2,1,Chalet
43,Ritzao,Y10S4,LOSS,3618,3610,-8,0.5,2,4,1,Oregon
44,Ritzao,Y10S4,LOSS,3610,3602,-8,1.13,9,8,1,Villa
45,Ritzao,Y10S4,WIN,3602,3669,67,1.2,6,5,3,Chalet
46,Ritzao,Y10S4,LOSS,3669,3661,-8,1,5,5,0,Lair
47,Ritzao,Y10S4,LOSS,3661,3653,-8,1.5,6,4,0,Border
48,Ritzao,Y10S4,WIN,3653,3718,65,1.33,4,3,1,Nighthaven Labs
49,Ritzao,Y10S4,WIN,3718,3773,55,2.67,8,3,1,Outback
50,Ritzao,Y10S4,WIN,3773,3826,53,0.67,4,6,3,Border
51,Ritzao,Y10S4,WIN,3826,3869,43,1.4,7,5,0,Border
52,Ritzao,Y10S4,LOSS,3869,3860,-9,2,2,1,0,Consulate
53,Ritzao,Y10S4,LOSS,3860,3851,-9,1.2,6,5,0,Nighthaven Labs
54,Ritzao,Y10S4,WIN,3851,3894,43,0.75,3,4,1,Chalet
55,Ritzao,Y10S4,WIN,3894,3935,41,3.5,7,2,3,Consulate
56,Ritzao,Y10S4,WIN,3935,3968,33,2.5,5,2,2,Coastline
57,Ritzao,Y10S4,LOSS,3968,3957,-11,0.71,5,7,2,Nighthaven Labs
58,Ritzao,Y10S4,WIN,3957,3990,33,2,4,2,1,Villa
59,Ritzao,Y10S4,WIN,3990,4022,32,1.75,7,4,1,Skyscraper
60,Ritzao,Y10S4,WIN,4022,4053,31,1.14,8,7,2,Consulate
61,Ritzao,Y10S4,WIN,4053,4083,30,1.75,7,4,4,Nighthaven Labs
62,Ritzao,Y10S4,WIN,4083,4112,29,1,7,7,2,Lair
63,Ritzao,Y10S4,WIN,4112,4140,28,0.83,5,6,1,Skyscraper
64,Ritzao,Y10S4,LOSS,4140,4127,-13,1,3,3,0,Nighthaven Labs
65,Ritzao,Y10S4,LOSS,4127,4114,-13,0,0,4,1,Oregon
66,Ritzao,Y10S4,WIN,4114,4142,28,2.33,14,6,4,Nighthaven Labs
67,Ritzao,Y10S4,WIN,4142,4169,27,1.33,4,3,2,Consulate
68,Ritzao,Y10S4,WIN,4169,4195,26,7,7,1,0,Consulate
69,Ritzao,Y10S4,LOSS,4195,4181,-14,2.5,10,4,0,Outback
70,Ritzao,Y10S4,WIN,4181,4207,26,0.8,4,5,2,Villa
71,Ritzao,Y10S4,LOSS,4207,4200,-7,0.67,6,9,0,Fortress
72,Ritzao,Y10S4,WIN,4200,4225,25,2.5,5,2,3,Outback
73,Ritzao,Y10S4,WIN,4225,4249,24,2,6,3,1,Nighthaven Labs
74,Ritzao,Y10S4,WIN,4249,4273,24,3.33,10,3,2,Oregon
75,Ritzao,Y10S4,WIN,4273,4296,23,5,5,1,0,Kafe Dostoyevsky
76,Ritzao,Y10S4,WIN,4296,4318,22,1.5,6,4,2,Clubhouse
77,Ritzao,Y10S4,WIN,4318,4339,21,1.25,5,4,1,Coastline
78,Ritzao,Y10S4,WIN,4339,4360,21,0.67,2,3,2,Villa
79,Ritzao,Y10S4,WIN,4360,4380,20,2,6,3,1,Theme Park
80,Ritzao,Y10S4,WIN,4380,4399,19,2.67,8,3,2,Skyscraper
81,Ritzao,Y10S4,LOSS,4399,4381,-18,0.75,3,4,0,Fortress
82,Ritzao,Y10S4,WIN,4381,4400,19,1.17,7,6,1,Coastline
83,Ritzao,Y10S4,WIN,4400,4419,19,1.5,6,4,1,Villa
84,Ritzao,Y10S4,WIN,4419,4437,18,0.67,2,3,2,Fortress
85,Ritzao,Y10S4,WIN,4437,4455,18,1,4,4,3,Nighthaven Labs
86,Ritzao,Y10S4,LOSS,4455,4436,-19,1.25,5,4,1,Outback
87,Ritzao,Y10S4,Unknown,4436,4444,8,0,0,0,0,
88,Ritzao,Y10S4,LOSS,4444,4425,-19,1.4,7,5,6,Chalet
89,Ritzao,Y10S4,LOSS,4425,4406,-19,0.33,1,3,1,Kafe Dostoyevsky
90,Ritzao,Y10S4,WIN,4406,4425,19,2,6,3,0,Lair
91,Ritzao,Y10S4,LOSS,4425,4406,-19,0.5,2,4,0,Consulate
92,Ritzao,Y10S4,WIN,4406,4425,19,1.33,4,3,2,Nighthaven Labs
93,Ritzao,Y10S4,LOSS,4425,4406,-19,0.5,2,4,1,Clubhouse
94,Ritzao,Y10S4,WIN,4406,4425,19,1.67,5,3,0,Fortress
95,Ritzao,Y10S4,LOSS,4425,4406,-19,0.38,3,8,3,Villa
96,Ritzao,Y10S4,LOSS,4406,4400,-6,0.75,3,4,3,Oregon
97,Ritzao,Y10S4,WIN,4400,4419,19,0.33,1,3,2,Coastline
98,Ritzao,Y10S4,WIN,4419,4437,18,1.33,4,3,1,Clubhouse
99,Ritzao,Y10S4,Unknown,4437,4445,8,0,0,0,0,
100,Ritzao,Y10S4,WIN,4445,4462,17,3,9,3,2,Border
101,Ritzao,Y10S4,Unknown,,4443,,1,1,1,0,Nighthaven Labs
102,Ritzao,Y10S4,WIN,4443,4460,17,1.67,5,3,1,Consulate
103,Ritzao,Y10S4,WIN,4460,4477,17,2.67,8,3,2,Villa
104,Ritzao,Y10S4,Unknown,,4457,,0,0,0,0,Chalet
105,Ritzao,Y10S4,WIN,4457,4474,17,0.67,4,6,1,Oregon
106,Ritzao,Y10S4,WIN,4474,4490,16,1,2,2,2,Consulate
107,Ritzao,Y10S4,WIN,4490,4506,16,1,5,5,1,Villa
108,Ritzao,Y10S4,LOSS,4506,4500,-6,0.4,2,5,1,Border
109,Ritzao,Y10S4,LOSS,4500,4480,-20,2,8,4,0,Kafe Dostoyevsky
110,Ritzao,Y10S4,WIN,4480,4496,16,2.2,11,5,2,Kafe Dostoyevsky
111,Ritzao,Y10S4,WIN,4496,4512,16,0.33,1,3,1,Villa
112,Ritzao,Y10S4,WIN,4512,4527,15,2,6,3,1,Coastline
113,Ritzao,Y10S4,LOSS,4527,4506,-21,0.2,1,5,0,Lair
114,Ritzao,Y10S4,WIN,4506,4521,15,0.67,2,3,1,Kanal
115,Ritzao,Y10S4,LOSS,4521,4500,-21,0.2,1,5,0,Consulate
116,Ritzao,Y10S4,WIN,4500,4516,16,0.75,3,4,0,Theme Park
117,Ritzao,Y10S4,LOSS,4516,4500,-16,0,0,2,0,Lair
118,Ritzao,Y10S4,Unknown,,4480,,0.5,1,2,0,Skyscraper
119,Ritzao,Y10S4,Unknown,4480,4507,27,0,0,0,0,
120,Ritzao,Y10S4,WIN,4507,4522,15,0.4,2,5,1,Chalet
121,Ritzao,Y10S4,WIN,4522,4537,15,0.8,4,5,2,Theme Park
122,Ritzao,Y10S4,LOSS,4537,4516,-21,1,2,2,0,Kafe Dostoyevsky
123,Ritzao,Y10S4,WIN,4516,4531,15,0.6,3,5,2,Oregon
124,Ritzao,Y10S4,LOSS,4531,4510,-21,0.25,1,4,4,Villa
125,Ritzao,Y10S4,LOSS,4510,4500,-10,1.33,8,6,1,Fortress
126,Ritzao,Y10S4,WIN,4500,4516,16,1.57,11,7,2,Lair
127,Ritzao,Y10S4,WIN,4516,4531,15,2,4,2,1,Villa
128,Ritzao,Y10S4,WIN,4531,4545,14,1,3,3,1,Clubhouse
129,Ritzao,Y10S4,LOSS,4545,4524,-21,1.5,9,6,1,Oregon
130,Ritzao,Y10S4,LOSS,4524,4503,-21,0.25,1,4,0,Coastline
131,Ritzao,Y10S4,WIN,4503,4518,15,1.67,5,3,1,Theme Park
132,Ritzao,Y10S4,WIN,4518,4533,15,2,10,5,1,Coastline
133,Ritzao,Y10S4,LOSS,4533,4512,-21,0.88,7,8,0,Kanal
134,Ritzao,Y10S4,LOSS,4512,4500,-12,1.4,7,5,0,Kafe Dostoyevsky
135,Ritzao,Y10S4,LOSS,4500,4480,-20,0,0,2,0,Villa
136,Ritzao,Y10S4,LOSS,4480,4460,-20,1.25,5,4,1,Border
137,Ritzao,Y10S4,WIN,4460,4477,17,1.17,7,6,4,Oregon
138,Ritzao,Y10S4,LOSS,4477,4457,-20,0.75,6,8,6,Skyscraper
139,Ritzao,Y10S4,WIN,4457,4474,17,0.25,1,4,1,Chalet
140,Ritzao,Y10S4,LOSS,4474,4454,-20,1.38,11,8,2,Outback
141,Ritzao,Y10S4,WIN,4454,4471,17,1,4,4,1,Villa
142,Ritzao,Y10S4,WIN,4471,4487,16,4,4,1,2,Border
143,Ritzao,Y10S4,LOSS,4487,4467,-20,1,6,6,1,Oregon
144,Ritzao,Y10S4,LOSS,4467,4447,-20,0.43,3,7,3,Oregon
145,Ritzao,Y10S4,LOSS,4447,4436,-11,0.75,3,4,0,Fortress
146,Ritzao,Y10S4,LOSS,4436,4417,-19,2.2,11,5,3,Oregon
147,Ritzao,Y10S4,LOSS,4417,4400,-17,1.17,7,6,1,Outback
148,Ritzao,Y10S4,LOSS,4400,4382,-18,1.6,8,5,0,Chalet
149,Ritzao,Y10S4,WIN,4382,4401,19,1,3,3,4,Villa
150,Ritzao,Y10S4,LOSS,4401,4400,-1,1,6,6,1,Fortress
151,Ritzao,Y10S4,WIN,4400,4419,19,1,2,2,1,Lair
152,Ritzao,Y10S4,WIN,4419,4437,18,1.5,3,2,3,Nighthaven Labs
153,Ritzao,Y10S4,WIN,4437,4455,18,2.5,5,2,2,Chalet
154,Ritzao,Y10S4,WIN,4455,4472,17,1,7,7,1,Nighthaven Labs
155,Ritzao,Y10S4,LOSS,4472,4452,-20,1.2,6,5,3,Clubhouse
156,Ritzao,Y10S4,WIN,4452,4469,17,2.33,7,3,4,Kafe Dostoyevsky
157,Ritzao,Y10S4,WIN,4469,4486,17,1.4,7,5,0,Lair
158,Ritzao,Y10S4,WIN,4486,4502,16,0.75,3,4,2,Villa
159,Ritzao,Y10S4,Unknown,4502,4542,40,0,0,0,0,
160,Ritzao,Y10S4,LOSS,4542,4521,-21,1.5,6,4,1,Consulate
161,Ritzao,Y10S4,WIN,4521,4536,15,1,8,8,4,Bank
162,Ritzao,Y10S4,WIN,4536,4550,14,0.67,4,6,2,Fortress
163,Ritzao,Y10S4,LOSS,4550,4529,-21,0.75,3,4,0,Fortress
164,Ritzao,Y10S4,WIN,4529,4544,15,1,5,5,4,Fortress
165,Ritzao,Y10S4,WIN,4544,4558,14,1.33,4,3,1,Chalet
166,Ritzao,Y10S4,WIN,4558,4572,14,1,7,7,2,Theme Park
167,Ritzao,Y10S4,WIN,4572,4585,13,0.75,3,4,1,Chalet
168,Ritzao,Y10S4,WIN,4585,4598,13,1,5,5,0,Skyscraper
169,Ritzao,Y10S4,LOSS,4598,4576,-22,1,6,6,0,Outback
170,Ritzao,Y10S4,WIN,4576,4589,13,3.33,10,3,2,Consulate
171,Ritzao,Y10S4,WIN,4589,4602,13,6,6,1,1,Skyscraper
172,Ritzao,Y10S4,WIN,4602,4614,12,2,4,2,1,Oregon
173,Ritzao,Y10S4,WIN,4614,4626,12,1.25,5,4,1,Kafe Dostoyevsky
174,Ritzao,Y10S4,WIN,4626,4637,11,0.2,1,5,2,Villa
175,Ritzao,Y10S4,WIN,4637,4648,11,0.8,4,5,2,Oregon
176,Ritzao,Y10S4,LOSS,4648,4625,-23,1.5,6,4,1,Coastline
177,Ritzao,Y10S4,LOSS,4625,4602,-23,0.6,3,5,6,Nighthaven Labs
178,Ritzao,Y10S4,WIN,4602,4614,12,1,3,3,2,Skyscraper
179,Ritzao,Y10S4,LOSS,4614,4592,-22,1,5,5,0,Kanal
180,Ritzao,Y10S4,WIN,4592,4604,12,0.67,2,3,2,Coastline
181,Ritzao,Y10S4,Unknown,4604,4626,22,0,0,0,0,
182,Ritzao,Y10S4,WIN,4626,4637,11,0.4,2,5,3,Oregon
183,Ritzao,Y10S4,LOSS,4637,4614,-23,0.2,1,5,0,Villa
184,Ritzao,Y10S4,LOSS,4614,4592,-22,0.67,4,6,2,Kanal
185,Ritzao,Y10S4,WIN,4592,4604,12,0.6,3,5,2,Consulate
186,Ritzao,Y10S4,LOSS,4604,4582,-22,1,5,5,3,Fortress
187,Ritzao,Y10S4,WIN,4582,4595,13,1.75,7,4,1,Clubhouse
188,Ritzao,Y10S4,LOSS,4595,4573,-22,1.17,7,6,2,Kanal
189,Ritzao,Y10S4,LOSS,4573,4551,-22,0.88,7,8,1,Chalet
190,Ritzao,Y10S4,WIN,4551,4565,14,2.67,8,3,2,Nighthaven Labs
191,Ritzao,Y10S4,WIN,4565,4578,13,4,4,1,1,Consulate
192,Ritzao,Y10S4,LOSS,4578,4556,-22,1,7,7,0,Oregon
193,Ritzao,Y10S4,LOSS,4556,4535,-21,0.14,1,7,3,Lair
194,Ritzao,Y10S4,WIN,4535,4549,14,1,1,1,2,Fortress
195,Ritzao,Y10S4,LOSS,4549,4528,-21,1,5,5,1,Outback
196,Ritzao,Y10S4,LOSS,4528,4507,-21,0.5,2,4,0,Clubhouse
197,Ritzao,Y10S4,WIN,4507,4522,15,1.75,7,4,1,Kanal
198,Ritzao,Y10S4,LOSS,4522,4501,-21,0.2,1,5,0,Fortress
199,Ritzao,Y10S4,WIN,4501,4516,15,0.75,3,4,3,Lair
200,Ritzao,Y10S4,WIN,4516,4531,15,0.75,3,4,1,Nighthaven Labs
201,Ritzao,Y10S4,WIN,4531,4545,14,1.4,7,5,4,Clubhouse
202,Ritzao,Y10S4,WIN,4545,4559,14,0.75,3,4,0,Villa
203,Ritzao,Y10S4,LOSS,4559,4538,-21,1.25,5,4,1,Lair
204,Ritzao,Y10S4,WIN,4538,4552,14,1.33,8,6,2,Border
205,Ritzao,Y10S4,WIN,4552,4566,14,1.17,7,6,2,Border
206,Ritzao,Y10S4,LOSS,4566,4544,-22,0.8,4,5,1,Oregon
207,Ritzao,Y10S4,LOSS,4544,4523,-21,0.25,1,4,1,Kanal
208,Ritzao,Y10S4,LOSS,4523,4502,-21,2,6,3,0,Kanal
209,Ritzao,Y10S4,LOSS,4502,4500,-2,1,2,2,0,Chalet
210,Ritzao,Y10S4,LOSS,4500,4480,-20,0.83,5,6,1,Clubhouse
211,Ritzao,Y10S4,WIN,4480,4496,16,0.67,2,3,1,Theme Park
212,Ritzao,Y10S4,WIN,4496,4512,16,0.67,2,3,0,Consulate
213,Ritzao,Y10S4,WIN,4512,4527,15,1.5,6,4,1,Kafe Dostoyevsky
214,Ritzao,Y10S4,WIN,4527,4542,15,3.5,7,2,0,Chalet
215,Ritzao,Y10S4,LOSS,4542,4521,-21,1.2,6,5,1,Nighthaven Labs
216,Ritzao,Y10S4,WIN,4521,4536,15,1.25,5,4,1,Skyscraper
217,Ritzao,Y10S4,WIN,4536,4550,14,4,8,2,2,Oregon
218,Ritzao,Y10S4,WIN,4550,4564,14,6,12,2,1,Consulate
219,Ritzao,Y10S4,WIN,4564,4577,13,0.5,3,6,3,Kanal
220,Ritzao,Y10S4,WIN,4577,4590,13,2,6,3,2,Clubhouse
221,Ritzao,Y10S4,LOSS,4590,4568,-22,0.5,3,6,0,Oregon
222,Ritzao,Y10S4,WIN,4568,4581,13,6,6,0,1,Clubhouse
223,Ritzao,Y10S4,LOSS,4581,4559,-22,0.33,2,6,2,Consulate
224,Ritzao,Y10S4,LOSS,4559,4538,-21,0.57,4,7,2,Fortress
225,Ritzao,Y10S4,WIN,4538,4552,14,0.86,6,7,4,Kanal
226,Ritzao,Y10S4,LOSS,4552,4531,-21,0.43,3,7,2,Skyscraper
227,Ritzao,Y10S4,WIN,4531,4545,14,1,5,5,2,Chalet
228,Ritzao,Y10S4,WIN,4545,4559,14,0.33,1,3,2,Nighthaven Labs
229,Ritzao,Y10S4,WIN,4559,4573,14,2,10,5,4,Consulate
230,Ritzao,Y10S4,WIN,4573,4586,13,1.75,7,4,4,Fortress
231,Ritzao,Y10S4,WIN,4586,4599,13,1,3,3,2,Lair
232,Ritzao,Y10S4,LOSS,4599,4577,-22,0.71,5,7,2,Villa
233,Ritzao,Y10S4,WIN,4577,4590,13,5,10,2,0,Clubhouse
234,Ritzao,Y10S4,WIN,4590,4603,13,1.4,7,5,1,Fortress
235,Ritzao,Y10S4,WIN,4603,4615,12,2.5,5,2,3,Border
236,Ritzao,Y10S4,WIN,4615,4627,12,1,7,7,0,Chalet
237,Ritzao,Y10S4,LOSS,4627,4604,-23,1,5,5,1,Villa
238,Ritzao,Y10S4,WIN,4604,4616,12,2,8,4,2,Fortress
239,Ritzao,Y10S4,LOSS,4616,4593,-23,0.75,3,4,0,Fortress
240,Ritzao,Y10S4,LOSS,4593,4571,-22,0.5,2,4,1,Fortress
241,Ritzao,Y10S4,LOSS,4571,4549,-22,1.25,5,4,1,Villa
242,Ritzao,Y10S4,LOSS,4549,4528,-21,0.5,3,6,3,Chalet
243,Ritzao,Y10S4,LOSS,4528,4507,-21,1.4,7,5,1,Consulate
244,Ritzao,Y10S4,WIN,4507,4522,15,5.5,11,2,0,Nighthaven Labs
245,Ritzao,Y10S4,WIN,4522,4537,15,7,7,0,1,Kafe Dostoyevsky
246,Ritzao,Y10S4,WIN,4537,4551,14,4.5,9,2,1,Chalet
247,Ritzao,Y10S4,LOSS,4551,4530,-21,0.4,2,5,1,Skyscraper
248,Ritzao,Y10S4,WIN,4530,4545,15,2,6,3,1,Fortress
249,Ritzao,Y10S4,WIN,4545,4559,14,1.17,7,6,3,Kafe Dostoyevsky
250,Ritzao,Y10S4,WIN,4559,4573,14,2.17,13,6,3,Border
251,Ritzao,Y10S4,LOSS,4573,4551,-22,1.33,4,3,0,Chalet
252,Ritzao,Y10S4,WIN,4551,4565,14,0.5,2,4,1,Kanal
253,Ritzao,Y10S4,LOSS,4565,4543,-22,0.75,3,4,2,Fortress
254,Ritzao,Y10S4,LOSS,4543,4522,-21,1,4,4,2,Skyscraper
255,Ritzao,Y10S4,WIN,4522,4537,15,3,6,2,1,Consulate
256,Ritzao,Y10S4,WIN,4537,4551,14,0.78,7,9,7,Kanal
257,Ritzao,Y10S4,WIN,4551,4565,14,1.25,5,4,1,Border
258,Ritzao,Y10S4,WIN,4565,4578,13,1.67,5,3,2,Lair
259,Ritzao,Y10S4,LOSS,4578,4556,-22,1.5,9,6,2,Kafe Dostoyevsky
260,Ritzao,Y10S4,WIN,4556,4570,14,0.67,2,3,1,Border
261,Ritzao,Y10S4,WIN,4570,4583,13,5,5,1,3,Consulate
262,Ritzao,Y10S4,LOSS,4583,4561,-22,0,0,2,1,Border
263,Ritzao,Y10S4,WIN,4561,4574,13,4,8,2,0,Consulate
264,Ritzao,Y10S4,WIN,4574,4587,13,1.43,10,7,4,Lair
265,Ritzao,Y10S4,WIN,4587,4600,13,4,4,1,0,Clubhouse
266,Ritzao,Y10S4,WIN,4600,4612,12,8,8,1,1,Skyscraper
267,Ritzao,Y10S4,LOSS,4612,4590,-22,1.75,7,4,0,Outback
268,Ritzao,Y10S4,WIN,4590,4603,13,0.75,3,4,0,Skyscraper
269,Ritzao,Y10S4,LOSS,4603,4581,-22,1.5,9,6,0,Chalet
270,Ritzao,Y10S4,WIN,4581,4594,13,1,5,5,0,Fortress
271,Ritzao,Y10S4,WIN,4594,4606,12,1.33,4,3,0,Consulate
272,Ritzao,Y10S4,WIN,4606,4618,12,0.75,3,4,1,Kanal
273,Ritzao,Y10S4,LOSS,4618,4595,-23,1.25,5,4,2,Border
274,Ritzao,Y10S4,LOSS,4595,4573,-22,0.38,3,8,1,Clubhouse
275,Ritzao,Y10S4,WIN,4573,4586,13,1.25,5,4,2,Chalet
276,Ritzao,Y10S4,WIN,4586,4599,13,2,6,3,3,Border
277,Ritzao,Y10S4,WIN,4599,4611,12,0.67,4,6,3,Chalet
278,Ritzao,Y10S4,WIN,4611,4623,12,2.67,8,3,1,Border
279,Ritzao,Y10S4,WIN,4623,4634,11,0.5,3,6,2,Skyscraper
280,Ritzao,Y10S4,WIN,4634,4645,11,0.33,2,6,4,Outback
281,Ritzao,Y10S4,WIN,4645,4656,11,3.5,7,2,0,Outback
282,Ritzao,Y10S4,LOSS,4656,4633,-23,1,7,7,3,Kafe Dostoyevsky
283,Ritzao,Y10S4,WIN,4633,4644,11,1.2,6,5,2,Villa
284,Ritzao,Y10S4,WIN,4644,4655,11,1.33,8,6,1,Skyscraper
285,Ritzao,Y10S4,LOSS,4655,4632,-23,0.4,2,5,1,Villa
286,Ritzao,Y10S4,WIN,4632,4643,11,1,5,5,0,Consulate
287,Ritzao,Y10S4,WIN,4643,4654,11,0.33,2,6,2,Lair
288,Ritzao,Y10S4,WIN,4654,4664,10,1.5,6,4,3,Villa
289,Ritzao,Y10S4,WIN,4664,4674,10,2,6,3,0,Chalet
290,Ritzao,Y10S4,WIN,4674,4684,10,1.5,6,4,1,Fortress
291,Ritzao,Y10S4,WIN,4684,4693,9,3,6,2,3,Fortress
292,Ritzao,Y10S4,LOSS,4693,4669,-24,0.25,1,4,0,Nighthaven Labs
293,Ritzao,Y10S4,WIN,4669,4679,10,1.5,6,4,0,Fortress
294,Ritzao,Y10S4,LOSS,4679,4655,-24,1.5,9,6,0,Lair
295,Ritzao,Y10S4,WIN,4655,4665,10,2.33,7,3,3,Coastline
296,Ritzao,Y10S4,LOSS,4665,4642,-23,0.75,3,4,2,Oregon
297,Ritzao,Y10S4,WIN,4642,4653,11,0.4,2,5,3,Nighthaven Labs
298,Ritzao,Y10S4,WIN,4653,4663,10,6,6,1,2,Nighthaven Labs
299,Ritzao,Y10S4,WIN,4663,4673,10,0.67,2,3,2,Clubhouse
300,Ritzao,Y10S4,WIN,4673,4683,10,1.67,5,3,0,Oregon
301,Ritzao,Y10S4,WIN,4683,4692,9,3,12,4,3,Coastline
302,Ritzao,Y10S4,WIN,4692,4701,9,2.5,5,2,2,Kanal
303,Ritzao,Y10S4,WIN,4701,4710,9,1.75,7,4,1,Clubhouse
304,Ritzao,Y10S4,WIN,4710,4719,9,0.4,2,5,2,Consulate
305,Ritzao,Y10S4,WIN,4719,4727,8,1.33,4,3,2,Fortress
306,Ritzao,Y10S4,WIN,4727,4735,8,1.25,5,4,1,Consulate
307,Ritzao,Y10S4,LOSS,4735,4710,-25,0.4,2,5,2,Oregon
308,Ritzao,Y10S4,WIN,4710,4719,9,2,10,5,1,Clubhouse
309,Ritzao,Y10S4,WIN,4719,4727,8,0.11,1,9,2,Consulate
310,Ritzao,Y10S4,WIN,4727,4735,8,1.25,5,4,2,Fortress
311,Ritzao,Y10S4,LOSS,4735,4710,-25,0.2,1,5,1,Clubhouse
312,Ritzao,Y10S4,WIN,4710,4719,9,2.6,13,5,1,Consulate
313,Ritzao,Y10S4,WIN,4719,4727,8,1.33,4,3,1,Consulate
314,Ritzao,Y10S4,LOSS,4727,4702,-25,1.5,6,4,0,Nighthaven Labs
315,Ritzao,Y10S4,WIN,4702,4711,9,0.4,2,5,3,Kafe Dostoyevsky
316,Ritzao,Y10S4,WIN,4711,4720,9,4,8,2,0,Consulate
317,Ritzao,Y10S4,WIN,4720,4728,8,2.67,8,3,0,Fortress
318,Ritzao,Y10S4,WIN,4728,4736,8,0.38,3,8,4,Lair
319,Ritzao,Y10S4,LOSS,4736,4711,-25,0.8,4,5,0,Fortress
320,Ritzao,Y10S4,WIN,4711,4720,9,2.33,7,3,1,Theme Park
321,Ritzao,Y10S4,WIN,4720,4728,8,1.43,10,7,3,Nighthaven Labs
322,Ritzao,Y10S4,WIN,4728,4736,8,0.8,4,5,2,Villa
323,Ritzao,Y10S4,WIN,4736,4744,8,2.6,13,5,1,Border
324,Ritzao,Y10S4,WIN,4744,4752,8,0.4,2,5,5,Oregon
325,Ritzao,Y10S4,WIN,4752,4759,7,1.75,7,4,2,Lair
326,Ritzao,Y10S4,WIN,4759,4766,7,2,4,2,1,Oregon
327,Ritzao,Y10S4,WIN,4766,4773,7,5,5,1,1,Oregon
328,Ritzao,Y10S4,WIN,4773,4780,7,0.6,3,5,2,Fortress
329,Ritzao,Y10S4,WIN,4780,4786,6,1,3,3,1,Chalet
330,Ritzao,Y10S4,LOSS,4786,4760,-26,1,7,7,2,Lair
331,Ritzao,Y10S4,WIN,4760,4767,7,0.8,4,5,1,Coastline
332,Ritzao,Y10S4,WIN,4767,4774,7,1.2,6,5,1,Clubhouse
333,Ritzao,Y10S4,WIN,4774,4780,6,0.67,2,3,5,Oregon
334,Ritzao,Y10S4,LOSS,4780,4755,-25,1.5,6,4,2,Consulate
335,Ritzao,Y10S4,WIN,4755,4762,7,1.5,6,4,0,Chalet
336,Ritzao,Y10S4,LOSS,4762,4737,-25,0,0,3,0,Kafe Dostoyevsky
337,Ritzao,Y10S4,WIN,4737,4745,8,0.75,3,4,0,Skyscraper
338,Ritzao,Y10S4,LOSS,4745,4720,-25,0,0,6,2,Bank
339,Ritzao,Y10S4,WIN,4720,4728,8,3,6,2,2,Kafe Dostoyevsky
340,Ritzao,Y10S4,LOSS,4728,4703,-25,0.5,2,4,1,Consulate
341,Ritzao,Y10S4,Unknown,4703,4753,50,0,0,0,0,
342,Ritzao,Y10S4,WIN,4753,4760,7,2,6,3,2,Villa
343,Ritzao,Y10S4,WIN,4760,4767,7,2.67,8,3,0,Consulate
344,Ritzao,Y10S4,WIN,4767,4774,7,1.67,5,3,1,Outback
345,Ritzao,Y10S4,WIN,4774,4781,7,1.17,7,6,2,Fortress
346,Ritzao,Y10S4,WIN,4781,4787,6,2.5,10,4,5,Theme Park
347,Ritzao,Y10S4,WIN,4787,4793,6,1.8,9,5,2,Kafe Dostoyevsky
348,Ritzao,Y10S4,WIN,4793,4799,6,1.67,5,3,1,Oregon
349,Ritzao,Y10S4,WIN,4799,4805,6,2.33,7,3,2,Clubhouse
350,Ritzao,Y10S4,WIN,4805,4811,6,3,6,2,2,Clubhouse
351,Ritzao,Y10S4,WIN,4811,4816,5,1,4,4,3,Border
352,Ritzao,Y10S4,WIN,4816,4821,5,1,5,5,1,Outback
353,Ritzao,Y10S4,WIN,4821,4826,5,2.25,9,4,1,Villa
354,Ritzao,Y10S4,LOSS,4826,4800,-26,0,0,4,0,Nighthaven Labs
355,Ritzao,Y10S4,WIN,4800,4806,6,1.25,5,4,1,Fortress
356,Ritzao,Y10S4,WIN,4806,4812,6,3,9,3,1,Consulate
357,Ritzao,Y10S4,WIN,4812,4817,5,0.75,3,4,2,Kafe Dostoyevsky
358,Ritzao,Y10S4,WIN,4817,4822,5,0.86,6,7,1,Bank
359,Ritzao,Y10S4,WIN,4822,4827,5,2,4,2,0,Coastline
360,Ritzao,Y10S4,WIN,4827,4832,5,1.6,8,5,1,Villa
361,Ritzao,Y10S4,LOSS,4832,4805,-27,0.71,5,7,3,Consulate
362,Ritzao,Y10S4,WIN,4805,4811,6,1.33,4,3,2,Border
363,Ritzao,Y10S4,WIN,4811,4816,5,0.71,5,7,4,Nighthaven Labs
364,Ritzao,Y10S4,WIN,4816,4821,5,0.75,3,4,2,Villa
365,Ritzao,Y10S4,WIN,4821,4826,5,2,6,3,2,Bank
366,Ritzao,Y10S4,WIN,4826,4831,5,2.33,7,3,4,Kanal
367,Ritzao,Y10S4,LOSS,4831,4804,-27,0.5,2,4,0,Fortress
368,Ritzao,Y10S4,WIN,4804,4810,6,0.8,4,5,2,Oregon
369,Ritzao,Y10S4,LOSS,4810,4784,-26,0.5,3,6,1,Lair
370,Ritzao,Y10S4,WIN,4784,4790,6,1.4,7,5,2,Fortress
371,Ritzao,Y10S4,LOSS,4790,4764,-26,0,0,4,2,Coastline
372,Ritzao,Y10S4,LOSS,4764,4739,-25,0.2,1,5,1,Fortress
373,Ritzao,Y10S4,WIN,4739,4747,8,3.5,7,2,1,Kanal
374,Ritzao,Y10S4,WIN,4747,4754,7,2,6,3,2,Kanal
375,Ritzao,Y10S4,WIN,4754,4761,7,7,7,1,0,Clubhouse
376,Ritzao,Y10S4,WIN,4761,4768,7,1.2,6,5,4,Border
377,Ritzao,Y10S4,WIN,4768,4775,7,1.2,6,5,1,Border
378,Ritzao,Y10S4,WIN,4775,4782,7,1.33,4,3,3,Border
379,Ritzao,Y10S4,WIN,4782,4788,6,0,0,7,4,Lair
380,Ritzao,Y10S4,WIN,4788,4794,6,3.67,11,3,1,Border
381,Ritzao,Y10S4,WIN,4794,4800,6,1.67,5,3,1,Theme Park
382,Ritzao,Y10S4,WIN,4800,4806,6,1.25,5,4,2,Kafe Dostoyevsky
383,Ritzao,Y10S4,WIN,4806,4812,6,1.5,6,4,2,Clubhouse
384,Ritzao,Y10S4,LOSS,4812,4786,-26,0.75,6,8,1,Skyscraper
385,Ritzao,Y10S4,LOSS,4786,4760,-26,0.8,4,5,1,Fortress
1,TestYou,Y10S4,WIN,1000,1073,73,1,4,4,0,
2,TestYou,Y10S4,WIN,1073,1144,71,0.67,2,3,2,
3,TestYou,Y10S4,WIN,1144,1215,71,1.5,6,4,1,
4,TestYou,Y10S4,LOSS,1215,1205,-10,0.8,4,5,2,
5,TestYou,Y10S4,WIN,1205,1275,70,1.67,5,3,0,
6,TestYou,Y10S4,LOSS,1275,1264,-11,0,0,5,0,
7,TestYou,Y10S4,WIN,1264,1333,69,0.83,5,6,0,
8,TestYou,Y10S4,WIN,1333,1401,68,1.2,6,5,1,
9,TestYou,Y10S4,WIN,1401,1467,66,1.5,3,2,1,
10,TestYou,Y10S4,WIN,1467,1532,65,1,4,4,2,
11,TestYou,Y10S4,WIN,1532,1596,64,0.5,3,6,1,
12,TestYou,Y10S4,LOSS,1596,1584,-12,1.67,10,6,3,
13,TestYou,Y10S4,WIN,1584,1644,60,1.67,5,3,2,
14,TestYou,Y10S4,WIN,1644,1701,57,3,9,3,0,
15,TestYou,Y10S4,WIN,1701,1758,57,4.5,9,2,3,
16,TestYou,Y10S4,WIN,1758,1814,56,0.25,1,4,2,
17,TestYou,Y10S4,LOSS,1814,1800,-14,1,4,4,1,
18,TestYou,Y10S4,LOSS,1800,1785,-15,0.75,3,4,1,
19,TestYou,Y10S4,WIN,1785,1837,52,7,7,0,0,
20,TestYou,Y10S4,LOSS,1837,1821,-16,0.5,2,4,1,
21,TestYou,Y10S4,LOSS,1821,1805,-16,1,4,4,1,
22,TestYou,Y10S4,LOSS,1805,1800,-5,0.75,3,4,0,
23,TestYou,Y10S4,LOSS,1800,1783,-17,1.5,6,4,0,
24,TestYou,Y10S4,LOSS,1783,1765,-18,0.5,2,4,0,
25,TestYou,Y10S4,LOSS,1765,1747,-18,0.75,3,4,1,
26,TestYou,Y10S4,LOSS,1747,1729,-18,0.75,3,4,0,
27,TestYou,Y10S4,WIN,1729,1769,40,1.5,3,2,1,
28,TestYou,Y10S4,WIN,1769,1808,39,1.5,3,2,0,
29,TestYou,Y10S4,WIN,1808,1846,38,0.5,1,2,2,
30,TestYou,Y10S4,WIN,1846,1885,39,0.67,2,3,4,
31,TestYou,Y10S4,WIN,1885,1925,40,1.25,5,4,1,
32,TestYou,Y10S4,WIN,1925,1963,38,1,1,1,0,
33,TestYou,Y10S4,LOSS,1963,1943,-20,2.5,10,4,2,
34,TestYou,Y10S4,LOSS,1943,1923,-20,0.5,2,4,0,
35,TestYou,Y10S4,LOSS,1923,1902,-21,0.5,2,4,0,
36,TestYou,Y10S4,LOSS,1902,1900,-2,0,0,3,0,
37,TestYou,Y10S4,LOSS,1900,1878,-22,0.75,3,4,0,
38,TestYou,Y10S4,LOSS,1878,1856,-22,0.25,1,4,2,
39,TestYou,Y10S4,LOSS,1856,1834,-22,0.75,3,4,0,
40,TestYou,Y10S4,LOSS,1834,1811,-23,1,4,4,0,
41,TestYou,Y10S4,LOSS,1811,1800,-11,0.5,2,4,0,
42,TestYou,Y10S4,LOSS,1800,1777,-23,0,0,4,0,
43,TestYou,Y10S4,LOSS,1777,1753,-24,0.5,2,4,0,
44,TestYou,Y10S4,LOSS,1753,1729,-24,1,4,4,0,
45,TestYou,Y10S4,LOSS,1729,1705,-24,0.75,3,4,1,
46,TestYou,Y10S4,LOSS,1705,1700,-5,0.75,3,4,0,
47,TestYou,Y10S4,LOSS,1700,1675,-25,0.2,1,5,0,
48,TestYou,Y10S4,LOSS,1675,1650,-25,0.25,1,4,1,
49,TestYou,Y10S4,LOSS,1650,1624,-26,0.75,3,4,0,
50,TestYou,Y10S4,LOSS,1624,1600,-24,0.5,2,4,0,
51,TestYou,Y10S4,LOSS,1600,1573,-27,0.67,2,3,1,
52,TestYou,Y10S4,LOSS,1573,1546,-27,3.5,7,2,0,
53,TestYou,Y10S4,LOSS,1546,1519,-27,0.6,3,5,2,
54,TestYou,Y10S4,LOSS,1519,1500,-19,0.8,4,5,1,
55,TestYou,Y10S4,LOSS,1500,1472,-28,1.5,6,4,1,
56,TestYou,Y10S4,LOSS,1472,1444,-28,0.25,1,4,0,
57,TestYou,Y10S4,LOSS,1444,1416,-28,1,4,4,0,
58,TestYou,Y10S4,WIN,1416,1425,9,0.5,1,2,0,
59,TestYou,Y10S4,WIN,1425,1435,10,1,5,5,3,
60,TestYou,Y10S4,WIN,1435,1447,12,0.67,4,6,1,
61,TestYou,Y10S4,LOSS,1447,1420,-27,1.2,6,5,3,
62,TestYou,Y10S4,WIN,1420,1435,15,2.5,5,2,2,
63,TestYou,Y10S4,WIN,1435,1452,17,4.5,9,2,1,
64,TestYou,Y10S4,WIN,1452,1473,21,1.25,5,4,2,
65,TestYou,Y10S4,WIN,1473,1496,23,3,9,3,2,
66,TestYou,Y10S4,LOSS,1496,1472,-24,1,4,4,2,
67,TestYou,Y10S4,LOSS,1472,1448,-24,1,4,4,0,
68,TestYou,Y10S4,LOSS,1448,1423,-25,0.5,2,4,0,
69,TestYou,Y10S4,LOSS,1423,1400,-23,0.67,2,3,0,
70,TestYou,Y10S4,LOSS,1400,1375,-25,0.67,2,3,1,
71,TestYou,Y10S4,LOSS,1375,1350,-25,1.75,7,4,0,
72,TestYou,Y10S4,LOSS,1350,1325,-25,0.25,1,4,0,
73,TestYou,Y10S4,LOSS,1325,1300,-25,0.75,3,4,0,
74,TestYou,Y10S4,LOSS,1300,1274,-26,4,4,1,0,
75,TestYou,Y10S4,LOSS,1274,1248,-26,1.5,6,4,0,
76,TestYou,Y10S4,LOSS,1248,1223,-25,0,0,4,0,
77,TestYou,Y10S4,WIN,1223,1243,20,1.75,7,4,2,
78,TestYou,Y10S4,WIN,1243,1268,25,1.25,5,4,4,
79,TestYou,Y10S4,WIN,1268,1294,26,7,7,1,0,
80,TestYou,Y10S4,LOSS,1294,1271,-23,0.5,2,4,0,
81,TestYou,Y10S4,WIN,1271,1298,27,1,3,3,2,
82,TestYou,Y10S4,WIN,1298,1326,28,2.67,8,3,2,
83,TestYou,Y10S4,WIN,1326,1356,30,2.5,5,2,1,
84,TestYou,Y10S4,WIN,1356,1388,32,1.67,5,3,0,
85,TestYou,Y10S4,LOSS,1388,1367,-21,0.8,4,5,1,
86,TestYou,Y10S4,WIN,1367,1401,34,6,6,1,2,
87,TestYou,Y10S4,WIN,1401,1436,35,0.86,6,7,2,
88,TestYou,Y10S4,LOSS,1436,1415,-21,1.2,6,5,0,
89,TestYou,Y10S4,Unknown,,1400,,0,0,0,0,
90,TestYou,Y10S4,WIN,1400,1434,34,1.2,6,5,4,
91,TestYou,Y10S4,WIN,1434,1469,35,1.4,7,5,1,
92,TestYou,Y10S4,WIN,1469,1504,35,2,2,1,4,
93,TestYou,Y10S4,WIN,1504,1539,35,1.17,7,6,2,
94,TestYou,Y10S4,LOSS,1539,1519,-20,1.6,8,5,1,
95,TestYou,Y10S4,WIN,1519,1555,36,1.67,5,3,4,
96,TestYou,Y10S4,WIN,1555,1592,37,1.67,5,3,3,
97,TestYou,Y10S4,LOSS,1592,1572,-20,0.2,1,5,1,
98,TestYou,Y10S4,WIN,1572,1608,36,0.8,4,5,1,
99,TestYou,Y10S4,WIN,1608,1644,36,1.8,9,5,3,
100,TestYou,Y10S4,WIN,1644,1680,36,2.5,10,4,0,
101,TestYou,Y10S4,LOSS,1680,1660,-20,2,12,6,2,
102,TestYou,Y10S4,WIN,1660,1696,36,2.33,7,3,2,
103,TestYou,Y10S4,WIN,1696,1733,37,0.33,2,6,5,
104,TestYou,Y10S4,WIN,1733,1770,37,5,5,1,0,
105,TestYou,Y10S4,WIN,1770,1807,37,1.5,3,2,2,
106,TestYou,Y10S4,WIN,1807,1846,39,3,3,1,1,
107,TestYou,Y10S4,WIN,1846,1885,39,1,2,2,0,
108,TestYou,Y10S4,WIN,1885,1925,40,2.5,5,2,1,
109,TestYou,Y10S4,WIN,1925,1965,40,1.43,10,7,1,
110,TestYou,Y10S4,LOSS,1965,1946,-19,0.4,2,5,0,
111,TestYou,Y10S4,LOSS,1946,1927,-19,0.25,1,4,0,
112,TestYou,Y10S4,LOSS,1927,1907,-20,0.5,2,4,0,
113,TestYou,Y10S4,LOSS,1907,1900,-7,0.75,3,4,0,
114,TestYou,Y10S4,LOSS,1900,1879,-21,0.67,2,3,0,
115,TestYou,Y10S4,LOSS,1879,1858,-21,0.25,1,4,1,
116,TestYou,Y10S4,LOSS,1858,1837,-21,0.25,1,4,1,
117,TestYou,Y10S4,LOSS,1837,1815,-22,0.25,1,4,0,
118,TestYou,Y10S4,LOSS,1815,1800,-15,0,0,4,0,
119,TestYou,Y10S4,LOSS,1800,1777,-23,1,5,5,0,
120,TestYou,Y10S4,Unknown,,1755,,0,0,1,0,
121,TestYou,Y10S4,WIN,1755,1784,29,1,4,4,0,
122,TestYou,Y10S4,WIN,1784,1813,29,1.5,9,6,4,
123,TestYou,Y10S4,LOSS,1813,1800,-13,0.5,2,4,0,
124,TestYou,Y10S4,LOSS,1800,1777,-23,0.25,1,4,0,
125,TestYou,Y10S4,LOSS,1777,1754,-23,1.33,4,3,0,
126,TestYou,Y10S4,LOSS,1754,1731,-23,0.25,1,4,0,
127,TestYou,Y10S4,LOSS,1731,1708,-23,0,0,4,0,
128,TestYou,Y10S4,LOSS,1708,1700,-8,0.5,2,4,0,
129,TestYou,Y10S4,LOSS,1700,1676,-24,1,4,4,0,
130,TestYou,Y10S4,LOSS,1676,1652,-24,0.75,3,4,0,
131,TestYou,Y10S4,LOSS,1652,1628,-24,1,4,4,1,
132,TestYou,Y10S4,LOSS,1628,1604,-24,0,0,0,0,
133,TestYou,Y10S4,LOSS,1604,1600,-4,0.25,1,4,0,
134,TestYou,Y10S4,LOSS,1600,1575,-25,0.75,3,4,0,
135,TestYou,Y10S4,LOSS,1575,1550,-25,0.75,3,4,1,
136,TestYou,Y10S4,LOSS,1550,1525,-25,0.75,3,4,0,
137,TestYou,Y10S4,LOSS,1525,1500,-25,0.5,2,4,0,
138,TestYou,Y10S4,LOSS,1500,1474,-26,0.67,2,3,0,
139,TestYou,Y10S4,LOSS,1474,1448,-26,0,0,4,1,
140,TestYou,Y10S4,LOSS,1448,1422,-26,0.67,2,3,0,
141,TestYou,Y10S4,LOSS,1422,1400,-22,1.25,5,4,0,
142,TestYou,Y10S4,LOSS,1400,1373,-27,1.67,5,3,0,
143,TestYou,Y10S4,LOSS,1373,1346,-27,0,0,4,0,
144,TestYou,Y10S4,LOSS,1346,1319,-27,0.5,2,4,0,
145,TestYou,Y10S4,LOSS,1319,1300,-19,1,4,4,0,
146,TestYou,Y10S4,WIN,1300,1315,15,2.67,8,3,1,
147,TestYou,Y10S4,LOSS,1315,1300,-15,0.6,3,5,1,
148,TestYou,Y10S4,LOSS,1300,1274,-26,0.25,2,8,6,
149,TestYou,Y10S4,WIN,1274,1289,15,1,4,4,0,
150,TestYou,Y10S4,WIN,1289,1306,17,2,6,3,1,
151,TestYou,Y10S4,WIN,1306,1325,19,1.67,5,3,1,
152,TestYou,Y10S4,WIN,1325,1346,21,1.33,4,3,1,
153,TestYou,Y10S4,WIN,1346,1368,22,0.13,1,8,5,
154,TestYou,Y10S4,WIN,,1499,,9,9,1,0,
155,TestYou,Y10S4,WIN,,,,2.5,5,2,1,
156,TestYou,Y10S4,WIN,,,,2.67,8,3,0,
157,TestYou,Y10S4,WIN,,,,10,10,1,1,
158,TestYou,Y10S4,WIN,,,,2.25,9,4,1,
159,TestYou,Y10S4,LOSS,,1477,-22,1.2,6,5,1,
160,TestYou,Y10S4,WIN,1477,1506,29,4.25,17,4,1,
161,TestYou,Y10S4,LOSS,1506,1500,-6,2.17,13,6,1,
162,TestYou,Y10S4,LOSS,1500,1477,-23,0.25,1,4,1,
163,TestYou,Y10S4,LOSS,1477,1453,-24,1,4,4,1,
164,TestYou,Y10S4,LOSS,1453,1429,-24,0.75,3,4,0,
165,TestYou,Y10S4,LOSS,1429,1405,-24,2.25,9,4,1,
166,TestYou,Y10S4,LOSS,1405,1400,-5,0.6,3,5,0,
167,TestYou,Y10S4,LOSS,1400,1375,-25,1,5,5,0,
168,TestYou,Y10S4,LOSS,1375,1350,-25,1.25,5,4,0,
169,TestYou,Y10S4,WIN,1350,1368,18,15,15,1,1,
170,TestYou,Y10S4,WIN,1368,1388,20,0.17,1,6,0,
171,TestYou,Y10S4,WIN,1388,1410,22,0.17,1,6,2,
172,TestYou,Y10S4,LOSS,1410,1400,-10,1.2,6,5,2,
173,TestYou,Y10S4,LOSS,1400,1375,-25,0.5,4,8,0,
174,TestYou,Y10S4,LOSS,1375,1350,-25,0.75,3,4,0,
175,TestYou,Y10S4,LOSS,1350,1325,-25,0.13,1,8,4,
176,TestYou,Y10S4,LOSS,1325,1300,-25,0.5,2,4,0,
177,TestYou,Y10S4,WIN,1300,1317,17,1.5,6,4,1,
178,TestYou,Y10S4,WIN,1317,1336,19,0.6,3,5,0,
179,TestYou,Y10S4,WIN,1336,1357,21,2.5,10,4,0,
180,TestYou,Y10S4,WIN,1357,1379,22,2.33,7,3,2,
181,TestYou,Y10S4,WIN,1379,1402,23,1.33,4,3,4,
182,TestYou,Y10S4,WIN,1402,1427,25,3,6,2,3,
183,TestYou,Y10S4,WIN,1427,1453,26,2.5,10,4,1,
184,TestYou,Y10S4,WIN,1453,1480,27,7,7,0,0,
185,TestYou,Y10S4,WIN,1480,1508,28,1.33,4,3,2,
186,TestYou,Y10S4,WIN,1508,1537,29,0.6,3,5,3,
187,TestYou,Y10S4,WIN,1537,1566,29,1.14,8,7,1,
188,TestYou,Y10S4,LOSS,1566,1544,-22,1.8,9,5,1,
189,TestYou,Y10S4,WIN,1544,1572,28,2.33,7,3,0,
190,TestYou,Y10S4,WIN,1572,1600,28,2.33,7,3,2,
191,TestYou,Y10S4,WIN,1600,1631,31,3.33,10,3,1,
192,TestYou,Y10S4,WIN,1631,1663,32,4,16,4,2,
193,TestYou,Y10S4,WIN,1663,1696,33,4.67,14,3,0,
194,TestYou,Y10S4,LOSS,1696,1675,-21,0.38,3,8,0,
195,TestYou,Y10S4,LOSS,1675,1654,-21,0.33,2,6,3,
196,TestYou,Y10S4,LOSS,1654,1632,-22,0.63,5,8,1,
197,TestYou,Y10S4,LOSS,1632,1610,-22,0,0,5,1,
198,TestYou,Y10S4,LOSS,1610,1600,-10,0.25,1,4,0,
199,TestYou,Y10S4,WIN,1600,1629,29,2,6,3,0,
200,TestYou,Y10S4,WIN,1629,1659,30,1.67,5,3,1,
201,TestYou,Y10S4,WIN,1659,1690,31,10,10,1,1,
202,TestYou,Y10S4,WIN,1690,1721,31,2,2,1,0,
203,TestYou,Y10S4,WIN,1721,1753,32,0.67,4,6,3,
204,TestYou,Y10S4,WIN,1753,1786,33,1.14,8,7,1,
205,TestYou,Y10S4,WIN,1786,1788,2,0.17,1,6,0,
206,TestYou,Y10S4,LOSS,1788,1767,-21,0,0,5,0,
207,TestYou,Y10S4,LOSS,1767,1745,-22,0.25,2,8,0,
208,TestYou,Y10S4,WIN,1745,1775,30,0,0,6,1,
209,TestYou,Y10S4,WIN,1775,1806,31,4,8,2,0,
210,TestYou,Y10S4,WIN,1806,1838,32,1.4,7,5,2,
211,TestYou,Y10S4,WIN,1838,1872,34,1.25,5,4,3,
212,TestYou,Y10S4,WIN,1872,1906,34,2.33,14,6,1,
213,TestYou,Y10S4,LOSS,1906,1900,-6,0,0,5,1,
214,TestYou,Y10S4,LOSS,1900,1879,-21,0,0,4,1,
215,TestYou,Y10S4,LOSS,1879,1858,-21,0.75,3,4,1,
216,TestYou,Y10S4,LOSS,1858,1837,-21,3,6,2,1,
217,TestYou,Y10S4,LOSS,1837,1815,-22,0.5,2,4,1,
218,TestYou,Y10S4,WIN,1815,1845,30,0.8,4,5,1,
219,TestYou,Y10S4,LOSS,1845,1823,-22,0.5,2,4,2,
220,TestYou,Y10S4,LOSS,1823,1801,-22,0.38,3,8,1,
221,TestYou,Y10S4,LOSS,1801,1800,-1,1.33,4,3,0,
222,TestYou,Y10S4,WIN,1800,1826,26,0.25,2,8,3,
223,TestYou,Y10S4,LOSS,1826,1803,-23,0,0,4,1,
224,TestYou,Y10S4,LOSS,1803,1800,-3,0.6,3,5,0,
225,TestYou,Y10S4,LOSS,1800,1776,-24,0.2,1,5,0,
226,TestYou,Y10S4,LOSS,1776,1751,-25,0,0,4,0,
227,TestYou,Y10S4,LOSS,1751,1726,-25,0,0,5,0,
228,TestYou,Y10S4,LOSS,1726,1700,-26,0,0,5,0,
229,TestYou,Y10S4,LOSS,1700,1673,-27,0,0,6,0,
230,TestYou,Y10S4,LOSS,1673,1646,-27,0,0,4,0,
231,TestYou,Y10S4,LOSS,1646,1619,-27,0.4,2,5,0,
232,TestYou,Y10S4,LOSS,1619,1600,-19,0.6,3,5,0,
233,TestYou,Y10S4,LOSS,1600,1573,-27,0.2,1,5,0,
234,TestYou,Y10S4,LOSS,1573,1545,-28,0,0,5,0,
235,TestYou,Y10S4,LOSS,1545,1517,-28,0.67,2,3,0,
236,TestYou,Y10S4,LOSS,1517,1500,-17,0.75,3,4,1,
237,TestYou,Y10S4,LOSS,1500,1471,-29,0.33,2,6,0,
238,TestYou,Y10S4,LOSS,1471,1442,-29,1,2,2,1,
239,TestYou,Y10S4,LOSS,1442,1414,-28,0,0,2,0,
240,TestYou,Y10S4,LOSS,1414,1400,-14,0.6,3,5,0,
241,TestYou,Y10S4,LOSS,1400,1372,-28,0.25,1,4,1,
242,TestYou,Y10S4,LOSS,1372,1345,-27,1,4,4,2,
243,TestYou,Y10S4,LOSS,1345,1318,-27,2.33,7,3,0,
244,TestYou,Y10S4,WIN,1318,1331,13,1.5,6,4,2,
245,TestYou,Y10S4,LOSS,1331,1305,-26,0.6,3,5,1,
246,TestYou,Y10S4,LOSS,1305,1300,-5,1.2,6,5,4,
247,TestYou,Y10S4,WIN,1300,1313,13,3.5,7,2,1,
248,TestYou,Y10S4,WIN,1313,1329,16,3.5,7,2,1,
249,TestYou,Y10S4,WIN,1329,1346,17,5,10,2,0,
250,TestYou,Y10S4,WIN,1346,1366,20,2,4,2,4,
251,TestYou,Y10S4,WIN,1366,1387,21,3,9,3,1,
252,TestYou,Y10S4,WIN,1387,1409,22,3,6,2,1,
253,TestYou,Y10S4,WIN,1409,1433,24,2.5,5,2,0,
254,TestYou,Y10S4,WIN,1433,1459,26,1.33,4,3,2,
255,TestYou,Y10S4,WIN,1459,1487,28,1.25,5,4,2,
256,TestYou,Y10S4,WIN,1487,1516,29,2.17,13,6,3,
257,TestYou,Y10S4,WIN,1516,1546,30,3,9,3,2,
258,TestYou,Y10S4,WIN,1546,1576,30,2.67,8,3,1,
259,TestYou,Y10S4,WIN,1576,1607,31,6,12,2,1,
260,TestYou,Y10S4,WIN,1607,1639,32,1.29,9,7,5,
261,TestYou,Y10S4,WIN,1639,1672,33,1.5,6,4,1,
262,TestYou,Y10S4,WIN,1672,1706,34,2.67,8,3,1,
263,TestYou,Y10S4,WIN,1706,1740,34,4.5,9,2,2,
264,TestYou,Y10S4,WIN,1740,1775,35,1.33,4,3,0,
265,TestYou,Y10S4,WIN,1775,1810,35,4,8,2,0,
266,TestYou,Y10S4,WIN,1810,1846,36,2,6,3,3,
267,TestYou,Y10S4,LOSS,1846,1826,-20,0.6,3,5,0,
268,TestYou,Y10S4,LOSS,1826,1805,-21,1,3,3,1,
269,TestYou,Y10S4,LOSS,1805,1800,-5,0.33,2,6,2,
270,TestYou,Y10S4,LOSS,1800,1778,-22,0.2,1,5,3,
271,TestYou,Y10S4,LOSS,1778,1755,-23,0.5,2,4,1,
272,TestYou,Y10S4,LOSS,1755,1732,-23,0.25,1,4,0,
273,TestYou,Y10S4,LOSS,1732,1708,-24,0.5,2,4,0,
274,TestYou,Y10S4,LOSS,1708,1700,-8,1,4,4,0,
275,TestYou,Y10S4,LOSS,1700,1676,-24,0.67,4,6,3,
276,TestYou,Y10S4,LOSS,1676,1651,-25,0.5,2,4,2,
277,TestYou,Y10S4,LOSS,1651,1626,-25,0.75,3,4,0,
278,TestYou,Y10S4,LOSS,1626,1601,-25,0.25,1,4,2,
279,TestYou,Y10S4,LOSS,1601,1600,-1,0,0,4,0,
280,TestYou,Y10S4,LOSS,1600,1574,-26,0.5,2,4,1,
281,TestYou,Y10S4,LOSS,1574,1548,-26,0.25,1,4,0,
282,TestYou,Y10S4,LOSS,1548,1522,-26,0.25,1,4,0,
283,TestYou,Y10S4,LOSS,1522,1500,-22,0.25,1,4,0,
284,TestYou,Y10S4,LOSS,1500,1474,-26,0.4,2,5,0,
285,TestYou,Y10S4,LOSS,1474,1447,-27,0,0,3,0,
286,TestYou,Y10S4,LOSS,1447,1420,-27,0.5,2,4,1,
287,TestYou,Y10S4,Unknown,,1400,,0,0,1,1,
288,TestYou,Y10S4,WIN,1400,1414,14,1.8,9,5,0,
289,TestYou,Y10S4,WIN,1414,1430,16,0.5,1,2,2,
290,TestYou,Y10S4,WIN,1430,1447,17,2,4,2,0,
291,TestYou,Y10S4,WIN,1447,1465,18,3,9,3,1,
292,TestYou,Y10S4,Unknown,,1441,,0,0,0,0,
293,TestYou,Y10S4,WIN,1441,1462,21,0.75,3,4,4,
294,TestYou,Y10S4,WIN,1462,1485,23,3.5,7,2,0,
295,TestYou,Y10S4,WIN,1485,1510,25,1.25,5,4,2,
296,TestYou,Y10S4,WIN,1510,1535,25,0.75,3,4,0,
297,TestYou,Y10S4,WIN,1535,1561,26,0.86,6,7,1,
298,TestYou,Y10S4,LOSS,1561,1538,-23,0,0,4,0,
299,TestYou,Y10S4,LOSS,1538,1515,-23,0.5,2,4,0,
300,TestYou,Y10S4,LOSS,1515,1500,-15,0,0,4,1,
301,TestYou,Y10S4,LOSS,1500,1476,-24,0.75,3,4,0,
302,TestYou,Y10S4,LOSS,1476,1452,-24,1.25,5,4,0,
303,TestYou,Y10S4,WIN,1452,1473,21,1,5,5,1,
304,TestYou,Y10S4,WIN,1473,1495,22,0.2,1,5,4,
305,TestYou,Y10S4,WIN,1495,1518,23,1,3,3,0,
306,TestYou,Y10S4,LOSS,1518,1500,-18,0,0,2,1,
307,TestYou,Y10S4,LOSS,1500,1475,-25,1,7,7,2,
308,TestYou,Y10S4,WIN,1475,1496,21,1.67,5,3,2,
309,TestYou,Y10S4,WIN,1496,1519,23,5,5,1,1,
310,TestYou,Y10S4,WIN,1519,1544,25,1.33,8,6,2,
311,TestYou,Y10S4,WIN,1544,1571,27,0.4,2,5,2,
312,TestYou,Y10S4,WIN,1571,1599,28,2.33,7,3,1,
313,TestYou,Y10S4,WIN,1599,1627,28,2.25,9,4,2,
314,TestYou,Y10S4,WIN,1627,1657,30,1.67,5,3,1,
315,TestYou,Y10S4,WIN,1657,1688,31,2.33,7,3,0,
316,TestYou,Y10S4,WIN,1688,1720,32,0.5,2,4,2,
317,TestYou,Y10S4,WIN,1720,1752,32,0.67,2,3,2,
318,TestYou,Y10S4,LOSS,1752,1731,-21,1,4,4,0,
319,TestYou,Y10S4,LOSS,1731,1710,-21,0,0,4,0,
320,TestYou,Y10S4,LOSS,1710,1700,-10,0.5,2,4,0,
321,TestYou,Y10S4,LOSS,1700,1678,-22,1,4,4,0,
322,TestYou,Y10S4,Unknown,,1658,,1,3,3,2,
4,Blessssu.Mas,Y11S1,LOSS,1237,1229,-8,3,12,4,1,Fortress
5,Blessssu.Mas,Y11S1,WIN,1229,1346,117,5,5,0,1,Coastline
6,Blessssu.Mas,Y11S1,WIN,1346,1462,116,2.17,13,6,2,Nighthaven Labs
7,Blessssu.Mas,Y11S1,WIN,1462,1578,116,0.67,2,3,3,Border
8,Blessssu.Mas,Y11S1,WIN,1578,1693,115,1,2,2,1,Border
9,Blessssu.Mas,Y11S1,WIN,1693,1807,114,1,3,3,7,Coastline
10,Blessssu.Mas,Y11S1,LOSS,1807,1800,-7,1.17,7,6,2,Fortress
11,Blessssu.Mas,Y11S1,WIN,1800,1912,112,3,9,3,2,Border
12,Blessssu.Mas,Y11S1,WIN,1912,2024,112,0.75,3,4,0,Chalet
13,Blessssu.Mas,Y11S1,LOSS,2024,2016,-8,0.67,4,6,2,Clubhouse
14,Blessssu.Mas,Y11S1,LOSS,2016,2008,-8,0.75,3,4,0,Oregon
15,Blessssu.Mas,Y11S1,LOSS,2008,2000,-8,0.86,6,7,1,Nighthaven Labs
16,Blessssu.Mas,Y11S1,WIN,2000,2108,108,1.67,5,3,2,Coastline
17,Blessssu.Mas,Y11S1,LOSS,2108,2100,-8,0.5,4,8,1,Coastline
18,Blessssu.Mas,Y11S1,WIN,2100,2205,105,6,6,1,4,Kafe Dostoyevsky
19,Blessssu.Mas,Y11S1,LOSS,2205,2200,-5,0.75,3,4,0,Oregon
20,Blessssu.Mas,Y11S1,LOSS,2200,2192,-8,1,4,4,0,Consulate
21,Blessssu.Mas,Y11S1,LOSS,2192,2184,-8,0.43,3,7,0,Clubhouse
22,Blessssu.Mas,Y11S1,WIN,2184,2285,101,1,3,3,2,Nighthaven Labs
23,Blessssu.Mas,Y11S1,LOSS,2285,2277,-8,0.5,3,6,2,Oregon
24,Blessssu.Mas,Y11S1,WIN,2277,2375,98,2,6,3,0,Lair
25,Blessssu.Mas,Y11S1,LOSS,2375,2390,-15,0,0,4,0,Clubhouse
26,Blessssu.Mas,Y11S1,WIN,2390,2486,96,1.8,9,5,2,Kafe Dostoyevsky
27,Blessssu.Mas,Y11S1,LOSS,2486,2478,-8,0.25,1,4,0,Kafe Dostoyevsky
28,Blessssu.Mas,Y11S1,LOSS,2478,2470,-8,0.62,5,8,2,Bank
29,Blessssu.Mas,Y11S1,LOSS,2470,2462,-8,0.67,4,6,2,Chalet
30,Blessssu.Mas,Y11S1,LOSS,2462,2454,-8,1.14,8,7,0,Oregon
31,Blessssu.Mas,Y11S1,LOSS,2454,2446,-8,1.5,3,2,0,Coastline
32,Blessssu.Mas,Y11S1,LOSS,2446,2438,-8,0.17,1,6,1,Nighthaven Labs
33,Blessssu.Mas,Y11S1,WIN,2438,2524,86,3,3,1,1,Oregon
34,Blessssu.Mas,Y11S1,Unknown,,2516,,2.5,5,2,0,Kafe Dostoyevsky
35,Blessssu.Mas,Y11S1,WIN,2516,2601,85,2,6,3,1,Chalet
36,Blessssu.Mas,Y11S1,LOSS,2601,2600,-1,0.5,2,4,1,Oregon
37,Blessssu.Mas,Y11S1,WIN,2600,2682,82,0.33,1,3,1,Villa
38,Blessssu.Mas,Y11S1,LOSS,2682,2674,-8,1.33,4,3,0,Emerald Plains
39,Blessssu.Mas,Y11S1,WIN,2674,2752,78,0.67,2,3,1,Villa
40,Blessssu.Mas,Y11S1,LOSS,2752,2743,-9,0.88,7,8,4,Bank
41,Blessssu.Mas,Y11S1,WIN,2743,2817,74,2.5,5,2,0,Kafe Dostoyevsky
42,Blessssu.Mas,Y11S1,WIN,2817,2890,73,0.67,2,3,3,Consulate
43,Blessssu.Mas,Y11S1,LOSS,2890,2880,-10,0.75,3,4,3,Emerald Plains
44,Blessssu.Mas,Y11S1,LOSS,2880,2869,-11,0.8,4,5,1,Border
45,Blessssu.Mas,Y11S1,WIN,2869,2936,67,1.5,6,4,2,Villa
46,Blessssu.Mas,Y11S1,LOSS,2936,2924,-12,0.29,2,7,4,Clubhouse
47,Blessssu.Mas,Y11S1,WIN,2924,2989,65,1.29,9,7,4,Border
48,Blessssu.Mas,Y11S1,LOSS,2989,2977,-12,0.4,2,5,0,Clubhouse
49,Blessssu.Mas,Y11S1,LOSS,2977,2964,-13,1,4,4,0,Villa
50,Blessssu.Mas,Y11S1,LOSS,2964,2951,-13,0.86,6,7,1,Villa
51,Blessssu.Mas,Y11S1,LOSS,2951,2938,-13,0.75,3,4,0,Clubhouse
52,Blessssu.Mas,Y11S1,LOSS,2938,2924,-14,0.2,1,5,1,Nighthaven Labs
53,Blessssu.Mas,Y11S1,WIN,2924,2981,57,0.33,1,3,4,Border
54,Blessssu.Mas,Y11S1,LOSS,2981,2967,-14,0.17,1,6,1,Border
55,Blessssu.Mas,Y11S1,LOSS,2967,2952,-15,0.25,1,4,0,Lair
56,Blessssu.Mas,Y11S1,LOSS,2952,2937,-15,0.6,3,5,2,Kafe Dostoyevsky
57,Blessssu.Mas,Y11S1,LOSS,2937,2921,-16,0.25,1,4,0,Kafe Dostoyevsky
58,Blessssu.Mas,Y11S1,LOSS,2921,2905,-16,1,5,5,0,Consulate
59,Blessssu.Mas,Y11S1,WIN,2905,2953,48,0,0,5,0,Oregon
60,Blessssu.Mas,Y11S1,LOSS,2953,2936,-17,0.5,3,6,4,Chalet
61,Blessssu.Mas,Y11S1,WIN,2936,2982,46,0.6,3,5,3,Oregon
62,Blessssu.Mas,Y11S1,WIN,2982,3035,53,1.67,5,3,5,Chalet
63,Blessssu.Mas,Y11S1,WIN,3035,3082,47,0.5,1,2,1,Border
64,Blessssu.Mas,Y11S1,LOSS,3082,3065,-17,0,0,5,1,Border
65,Blessssu.Mas,Y11S1,LOSS,3065,3048,-17,0.78,7,9,5,Consulate
66,Blessssu.Mas,Y11S1,WIN,3048,3093,45,1.5,3,2,0,Oregon
67,Blessssu.Mas,Y11S1,WIN,3093,3138,45,0.75,3,4,0,Consulate
68,Blessssu.Mas,Y11S1,WIN,3138,3182,44,3,9,3,0,Bank
69,Blessssu.Mas,Y11S1,LOSS,3182,3164,-18,0.75,3,4,1,Nighthaven Labs
70,Blessssu.Mas,Y11S1,LOSS,3164,3146,-18,0.75,6,8,3,Kafe Dostoyevsky
71,Blessssu.Mas,Y11S1,WIN,3146,3186,40,4.5,9,2,2,Chalet
72,Blessssu.Mas,Y11S1,LOSS,3186,3167,-19,1.4,7,5,2,Kafe Dostoyevsky
73,Blessssu.Mas,Y11S1,WIN,3167,3205,38,0.89,8,9,5,Lair
74,Blessssu.Mas,Y11S1,LOSS,3205,3200,-5,0.43,3,7,2,Lair
75,Blessssu.Mas,Y11S1,LOSS,3200,3180,-20,1,5,5,1,Clubhouse
76,Blessssu.Mas,Y11S1,WIN,3180,3215,35,0.33,1,3,2,Oregon
77,Blessssu.Mas,Y11S1,LOSS,3215,3200,-15,2,10,5,3,Oregon
78,Blessssu.Mas,Y11S1,Unknown,,3180,,1.33,4,3,0,Chalet
79,Blessssu.Mas,Y11S1,WIN,3180,3217,37,1,1,1,0,Consulate
80,Blessssu.Mas,Y11S1,LOSS,3217,3200,-17,1.25,5,4,1,Chalet
81,Blessssu.Mas,Y11S1,WIN,3200,3236,36,1.6,8,5,1,Consulate
82,Blessssu.Mas,Y11S1,LOSS,3236,3216,-20,0.25,1,4,0,Oregon
83,Blessssu.Mas,Y11S1,LOSS,3216,3200,-16,1,7,7,2,Chalet
84,Blessssu.Mas,Y11S1,LOSS,3200,3179,-21,0.5,2,4,3,Clubhouse
85,Blessssu.Mas,Y11S1,WIN,3179,3210,31,2.75,11,4,1,Nighthaven Labs
86,Blessssu.Mas,Y11S1,LOSS,3210,3200,-10,1.71,12,7,1,Consulate
87,Blessssu.Mas,Y11S1,LOSS,3200,3178,-22,0.2,1,5,1,Border
88,Blessssu.Mas,Y11S1,LOSS,3178,3155,-23,0,0,6,1,Kafe Dostoyevsky
89,Blessssu.Mas,Y11S1,WIN,3155,3181,26,3.5,7,2,2,Consulate
90,Blessssu.Mas,Y11S1,LOSS,3181,3157,-24,0.4,2,5,1,Chalet
91,Blessssu.Mas,Y11S1,WIN,3157,3180,23,2,4,2,1,Villa
92,Blessssu.Mas,Y11S1,WIN,3180,3204,24,6,6,0,0,Chalet
93,Blessssu.Mas,Y11S1,LOSS,3204,3200,-4,0.4,2,5,5,Border
94,Blessssu.Mas,Y11S1,LOSS,3200,3176,-24,0.25,1,4,0,Chalet
95,Blessssu.Mas,Y11S1,LOSS,3176,3151,-25,1,5,5,3,Oregon
96,Blessssu.Mas,Y11S1,WIN,3151,3171,20,1.83,11,6,2,Chalet
97,Blessssu.Mas,Y11S1,LOSS,3171,3146,-25,0.25,1,4,1,Clubhouse
98,Blessssu.Mas,Y11S1,LOSS,3146,3121,-25,0.5,2,4,1,Kafe Dostoyevsky
99,Blessssu.Mas,Y11S1,LOSS,3121,3100,-21,1.2,6,5,2,Chalet
100,Blessssu.Mas,Y11S1,WIN,3100,3119,19,0.67,4,6,5,Clubhouse
101,Blessssu.Mas,Y11S1,WIN,3119,3140,21,0.5,2,4,2,Border
1,Ritzao,Y11S1,WIN,1000,1122,122,1.5,3,2,1,Bank
2,Ritzao,Y11S1,WIN,1122,1244,122,0.71,5,7,1,Clubhouse
3,Ritzao,Y11S1,WIN,1244,1366,122,1,4,4,3,Fortress
4,Ritzao,Y11S1,WIN,1366,1487,121,1,1,1,1,Consulate
5,Ritzao,Y11S1,WIN,1487,1608,121,2,6,3,2,Oregon
6,Ritzao,Y11S1,WIN,1608,1729,121,2,4,2,0,Nighthaven Labs
7,Ritzao,Y11S1,WIN,1729,1849,120,1.25,5,4,3,Clubhouse
8,Ritzao,Y11S1,WIN,1849,1968,119,7,7,1,0,Consulate
9,Ritzao,Y11S1,WIN,1968,2087,119,4,4,1,4,Clubhouse
10,Ritzao,Y11S1,WIN,2087,2205,118,3.5,7,2,1,Nighthaven Labs
11,Ritzao,Y11S1,WIN,2205,2322,117,0.5,2,4,2,Oregon
12,Ritzao,Y11S1,WIN,2322,2438,116,2,6,3,1,Nighthaven Labs
13,Ritzao,Y11S1,WIN,2438,2552,114,1,2,2,1,Fortress
14,Ritzao,Y11S1,WIN,2552,2665,113,1.57,11,7,2,Chalet
15,Ritzao,Y11S1,WIN,2665,2776,111,3,6,2,2,Border
16,Ritzao,Y11S1,WIN,2776,2885,109,0.33,1,3,5,Border
17,Ritzao,Y11S1,WIN,2885,2992,107,4,8,2,2,Kafe Dostoyevsky
18,Ritzao,Y11S1,WIN,2992,3096,104,1.33,8,6,4,Clubhouse
19,Ritzao,Y11S1,WIN,3096,3198,102,1,5,5,2,Chalet
20,Ritzao,Y11S1,WIN,,3289,,0.6,3,5,1,Oregon
21,Ritzao,Y11S1,LOSS,3289,3281,-8,1.75,7,4,0,Chalet
22,Ritzao,Y11S1,WIN,3281,3377,96,1.8,9,5,2,Lair
23,Ritzao,Y11S1,LOSS,3377,3369,-8,0.5,2,4,0,Border
24,Ritzao,Y11S1,WIN,3369,3462,93,1.67,5,3,4,Border
25,Ritzao,Y11S1,LOSS,3462,3454,-8,0,0,2,1,Consulate
26,Ritzao,Y11S1,WIN,3454,3544,90,1,4,4,2,Consulate
27,Ritzao,Y11S1,LOSS,3544,3536,-8,0.57,4,7,2,Kafe Dostoyevsky
28,Ritzao,Y11S1,WIN,3536,3614,78,5,5,0,1,Kafe Dostoyevsky
29,Ritzao,Y11S1,WIN,3614,3680,66,1.67,5,3,2,Nighthaven Labs
30,Ritzao,Y11S1,WIN,3680,3744,64,1,4,4,3,Chalet
31,Ritzao,Y11S1,WIN,3744,3798,54,5,5,1,2,Nighthaven Labs
32,Ritzao,Y11S1,WIN,3798,3850,52,0.5,2,4,1,Border
33,Ritzao,Y11S1,LOSS,3850,3841,-9,0.5,2,4,0,Border
34,Ritzao,Y11S1,WIN,3841,3884,43,0.5,2,4,2,Kafe Dostoyevsky
35,Ritzao,Y11S1,LOSS,3884,3875,-9,0.43,3,7,3,Consulate
36,Ritzao,Y11S1,WIN,3875,3917,42,0.83,5,6,0,Clubhouse
37,Ritzao,Y11S1,WIN,3917,3951,34,2,10,5,3,Clubhouse
38,Ritzao,Y11S1,LOSS,3951,3941,-10,1,6,6,1,Nighthaven Labs
39,Ritzao,Y11S1,WIN,3941,3974,33,1.4,7,5,3,Oregon
40,Ritzao,Y11S1,LOSS,3974,3963,-11,0.8,4,5,3,Nighthaven Labs
41,Ritzao,Y11S1,LOSS,3963,3952,-11,0.5,2,4,2,Kafe Dostoyevsky
42,Ritzao,Y11S1,LOSS,3952,3942,-10,1.33,8,6,1,Chalet
43,Ritzao,Y11S1,WIN,3942,3975,33,1.2,6,5,3,Lair
44,Ritzao,Y11S1,WIN,3975,4007,32,1.6,8,5,1,Fortress
45,Ritzao,Y11S1,WIN,4007,4038,31,1.4,7,5,4,Villa
46,Ritzao,Y11S1,WIN,4038,4068,30,0.8,4,5,4,Consulate
47,Ritzao,Y11S1,WIN,4068,4097,29,0.8,4,5,2,Kafe Dostoyevsky
48,Ritzao,Y11S1,LOSS,4097,4084,-13,1.25,5,4,0,Nighthaven Labs
49,Ritzao,Y11S1,WIN,4084,4113,29,1.33,4,3,2,Kafe Dostoyevsky
50,Ritzao,Y11S1,LOSS,4113,4100,-13,0,0,3,1,Border
51,Ritzao,Y11S1,WIN,4100,4128,28,3,6,2,2,Villa
52,Ritzao,Y11S1,WIN,4128,4156,28,0.71,5,7,3,Oregon
53,Ritzao,Y11S1,WIN,4156,4183,27,0.86,6,7,4,Oregon
54,Ritzao,Y11S1,LOSS,4183,4169,-14,0,0,4,1,Villa
55,Ritzao,Y11S1,WIN,4169,4195,26,3,9,3,3,Oregon
56,Ritzao,Y11S1,WIN,4195,4220,25,0.2,1,5,3,Villa
57,Ritzao,Y11S1,LOSS,4220,4205,-15,1.5,6,4,1,Fortress
58,Ritzao,Y11S1,WIN,4205,4230,25,1,3,3,2,Oregon
59,Ritzao,Y11S1,WIN,4230,4254,24,2,6,3,1,Border
60,Ritzao,Y11S1,WIN,4254,4278,24,7,7,1,1,Kafe Dostoyevsky
61,Ritzao,Y11S1,LOSS,4278,4262,-16,0.17,1,6,1,Bank
62,Ritzao,Y11S1,WIN,4262,4285,23,1,5,5,0,Lair
63,Ritzao,Y11S1,LOSS,4285,4269,-16,0,0,1,1,Lair
64,Ritzao,Y11S1,LOSS,4269,4253,-16,0,0,0,0,Oregon
65,Ritzao,Y11S1,WIN,4253,4277,24,4,8,2,1,Chalet
66,Ritzao,Y11S1,WIN,4277,4300,23,2,4,2,3,Nighthaven Labs
67,Ritzao,Y11S1,WIN,4300,4322,22,1.6,8,5,1,Villa
68,Ritzao,Y11S1,WIN,4322,4343,21,1,4,4,2,Lair
69,Ritzao,Y11S1,LOSS,4343,4326,-17,0,0,2,1,Kafe Dostoyevsky
70,Ritzao,Y11S1,WIN,4326,4347,21,1.67,5,3,2,Fortress
71,Ritzao,Y11S1,LOSS,4347,4330,-17,0,0,2,0,Lair
72,Ritzao,Y11S1,WIN,4330,4351,21,3,6,2,1,Border
73,Ritzao,Y11S1,WIN,4351,4371,20,1.25,5,4,4,Border
74,Ritzao,Y11S1,LOSS,4371,4353,-18,0,0,1,0,Coastline
75,Ritzao,Y11S1,WIN,4353,4373,20,1.5,3,2,0,Bank
76,Ritzao,Y11S1,WIN,4373,4393,20,1,5,5,3,Coastline
77,Ritzao,Y11S1,WIN,4393,4412,19,2.2,11,5,1,Chalet
78,Ritzao,Y11S1,WIN,4412,4430,18,1,3,3,2,Consulate
79,Ritzao,Y11S1,WIN,4430,4448,18,0.33,2,6,1,Nighthaven Labs
80,Ritzao,Y11S1,WIN,4448,4465,17,1,2,2,1,Clubhouse
81,Ritzao,Y11S1,WIN,4465,4482,17,2,6,3,0,Bank
82,Ritzao,Y11S1,LOSS,4482,4462,-20,0,0,1,1,Oregon
83,Ritzao,Y11S1,WIN,4462,4479,17,1.75,7,4,2,Kafe Dostoyevsky
84,Ritzao,Y11S1,WIN,4479,4495,16,8,8,0,3,Kafe Dostoyevsky
85,Ritzao,Y11S1,LOSS,4495,4475,-20,0.33,1,3,0,Clubhouse
86,Ritzao,Y11S1,WIN,4475,4491,16,0.2,1,5,0,Nighthaven Labs
87,Ritzao,Y11S1,WIN,4491,4507,16,1.67,5,3,3,Clubhouse
88,Ritzao,Y11S1,WIN,4507,4522,15,6,6,1,0,Fortress
89,Ritzao,Y11S1,WIN,4522,4537,15,1,4,4,1,Clubhouse
90,Ritzao,Y11S1,LOSS,4537,4516,-21,0.5,1,2,0,Oregon
91,Ritzao,Y11S1,LOSS,4516,4500,-16,2,4,2,0,Oregon
92,Ritzao,Y11S1,LOSS,4500,4480,-20,0.86,6,7,2,Kafe Dostoyevsky
93,Ritzao,Y11S1,WIN,4480,4496,16,1,2,2,1,Kafe Dostoyevsky
94,Ritzao,Y11S1,WIN,4496,4512,16,0,0,5,2,Fortress
95,Ritzao,Y11S1,WIN,4512,4527,15,1.5,6,4,1,Nighthaven Labs
96,Ritzao,Y11S1,WIN,4527,4542,15,2.5,5,2,2,Villa
97,Ritzao,Y11S1,LOSS,4542,4521,-21,1.33,8,6,2,Fortress
98,Ritzao,Y11S1,WIN,4521,4536,15,1.25,5,4,0,Kafe Dostoyevsky
99,Ritzao,Y11S1,WIN,4536,4550,14,1.67,5,3,2,Nighthaven Labs
100,Ritzao,Y11S1,WIN,4550,4564,14,0.75,3,4,5,Fortress
101,Ritzao,Y11S1,LOSS,4564,4543,-21,0.63,5,8,4,Emerald Plains
102,Ritzao,Y11S1,LOSS,4543,4522,-21,0,0,1,0,Lair
103,Ritzao,Y11S1,LOSS,4522,4501,-21,1.29,9,7,1,Bank
104,Ritzao,Y11S1,WIN,,4516,,1.5,6,4,0,Fortress
105,Ritzao,Y11S1,LOSS,,4480,,1.5,9,6,4,Kafe Dostoyevsky
106,Ritzao,Y11S1,WIN,4480,4496,16,0.8,4,5,2,Nighthaven Labs
107,Ritzao,Y11S1,WIN,4496,4512,16,1.33,4,3,1,Lair
108,Ritzao,Y11S1,LOSS,4512,4500,-12,0.33,2,6,0,Clubhouse
109,Ritzao,Y11S1,WIN,4500,4516,16,5,5,1,2,Nighthaven Labs
110,Ritzao,Y11S1,WIN,4516,4531,15,1,3,3,3,Chalet
111,Ritzao,Y11S1,WIN,4531,4545,14,0.5,2,4,1,Consulate
112,Ritzao,Y11S1,WIN,4545,4559,14,2.67,8,3,1,Coastline
113,Ritzao,Y11S1,WIN,4559,4573,14,2,8,4,3,Oregon
114,Ritzao,Y11S1,WIN,4573,4586,13,1.5,6,4,2,Kafe Dostoyevsky
115,Ritzao,Y11S1,WIN,4586,4599,13,3.67,11,3,1,Oregon
116,Ritzao,Y11S1,WIN,4599,4611,12,0.6,3,5,4,Nighthaven Labs
117,Ritzao,Y11S1,WIN,4611,4623,12,1.5,6,4,1,Oregon
118,Ritzao,Y11S1,WIN,4623,4634,11,2,2,1,1,Chalet
119,Ritzao,Y11S1,WIN,4634,4645,11,5,10,2,1,Nighthaven Labs
120,Ritzao,Y11S1,WIN,4645,4656,11,1,4,4,2,Chalet
121,Ritzao,Y11S1,LOSS,4656,4633,-23,0.88,7,8,4,Oregon
122,Ritzao,Y11S1,WIN,4633,4644,11,2,4,2,3,Chalet
123,Ritzao,Y11S1,LOSS,4644,4621,-23,1.75,7,4,0,Coastline
124,Ritzao,Y11S1,WIN,4621,4633,12,2.5,5,2,2,Nighthaven Labs
125,Ritzao,Y11S1,WIN,4633,4644,11,1,5,5,2,Consulate
126,Ritzao,Y11S1,WIN,4644,4655,11,1.33,4,3,2,Kafe Dostoyevsky
127,Ritzao,Y11S1,WIN,4655,4665,10,0.5,2,4,0,Clubhouse
128,Ritzao,Y11S1,WIN,4665,4675,10,5,10,2,0,Consulate
129,Ritzao,Y11S1,WIN,4675,4685,10,0.67,4,6,5,Border
130,Ritzao,Y11S1,LOSS,4685,4661,-24,0.67,4,6,2,Border
131,Ritzao,Y11S1,LOSS,4661,4638,-23,0,0,8,3,Lair
132,Ritzao,Y11S1,WIN,4638,4649,11,6.5,13,2,1,Clubhouse
133,Ritzao,Y11S1,WIN,4649,4660,11,7,7,1,0,Nighthaven Labs
134,Ritzao,Y11S1,WIN,4660,4670,10,1,4,4,2,Nighthaven Labs
135,Ritzao,Y11S1,WIN,4670,4680,10,0.5,1,2,1,Villa
136,Ritzao,Y11S1,LOSS,4680,4656,-24,0,0,1,0,Consulate
137,Ritzao,Y11S1,WIN,4656,4666,10,1.6,8,5,1,Consulate
138,Ritzao,Y11S1,WIN,4666,4676,10,1.25,5,4,3,Consulate
139,Ritzao,Y11S1,WIN,4676,4686,10,1.4,7,5,2,Nighthaven Labs
140,Ritzao,Y11S1,WIN,4686,4695,9,1,3,3,4,Chalet
141,Ritzao,Y11S1,WIN,4695,4704,9,2.5,5,2,0,Fortress
142,Ritzao,Y11S1,WIN,4704,4713,9,1.33,8,6,3,Consulate
143,Ritzao,Y11S1,WIN,4713,4722,9,2.67,8,3,1,Oregon
144,Ritzao,Y11S1,WIN,4722,4730,8,0.4,2,5,2,Villa
145,Ritzao,Y11S1,WIN,4730,4738,8,1.33,4,3,3,Border
146,Ritzao,Y11S1,WIN,4738,4746,8,1,5,5,0,Fortress
147,Ritzao,Y11S1,WIN,4746,4753,7,2.5,5,2,1,Nighthaven Labs
148,Ritzao,Y11S1,WIN,4753,4760,7,0.75,3,4,2,Border
149,Ritzao,Y11S1,WIN,4760,4767,7,0.71,5,7,3,Consulate
150,Ritzao,Y11S1,WIN,4767,4774,7,2,4,2,0,Coastline
151,Ritzao,Y11S1,WIN,,4755,,1.5,6,4,2,Chalet
152,Ritzao,Y11S1,WIN,4755,4762,7,1.67,5,3,1,Border
153,Ritzao,Y11S1,WIN,4762,4769,7,2,6,3,2,Coastline
154,Ritzao,Y11S1,WIN,4769,4776,7,0.83,5,6,3,Consulate
155,Ritzao,Y11S1,LOSS,4776,4750,-26,1.14,8,7,2,Oregon
156,Ritzao,Y11S1,WIN,4750,4757,7,1.67,5,3,2,Chalet
157,Ritzao,Y11S1,WIN,4757,4764,7,2.33,7,3,1,Villa
158,Ritzao,Y11S1,WIN,4764,4771,7,2,8,4,1,Fortress
159,Ritzao,Y11S1,WIN,4771,4778,7,0.5,2,4,2,Oregon
160,Ritzao,Y11S1,WIN,4778,4784,6,0.33,2,6,1,Chalet
161,Ritzao,Y11S1,WIN,4784,4790,6,1.25,5,4,1,Consulate
162,Ritzao,Y11S1,WIN,4790,4796,6,0,0,3,2,Fortress
163,Ritzao,Y11S1,WIN,4796,4802,6,4,4,1,2,Chalet
164,Ritzao,Y11S1,LOSS,4802,4776,-26,1,4,4,1,Fortress
165,Ritzao,Y11S1,WIN,4776,4782,6,1.43,10,7,2,Oregon
166,Ritzao,Y11S1,WIN,4782,4788,6,1.2,6,5,0,Nighthaven Labs
167,Ritzao,Y11S1,WIN,4788,4794,6,1.25,5,4,0,Oregon
168,Ritzao,Y11S1,WIN,4794,4800,6,0.6,3,5,4,Nighthaven Labs
169,Ritzao,Y11S1,LOSS,4800,4774,-26,0.57,4,7,2,Clubhouse
170,Ritzao,Y11S1,WIN,4774,4781,7,0.75,3,4,1,Consulate
171,Ritzao,Y11S1,WIN,4781,4827,46,1.33,4,3,1,Border
172,Ritzao,Y11S1,WIN,4827,4832,5,1,4,4,3,Oregon
173,Ritzao,Y11S1,Unknown,4832,4853,21,0,0,0,0,
174,Ritzao,Y11S1,Unknown,4853,4873,20,0,0,0,0,
175,Ritzao,Y11S1,WIN,4873,4877,4,1.67,5,3,1,Fortress
176,Ritzao,Y11S1,WIN,4877,4881,4,2,4,2,3,Coastline
177,Ritzao,Y11S1,LOSS,4881,4854,-27,1.6,8,5,0,Consulate
178,Ritzao,Y11S1,LOSS,4854,4827,-27,1.67,5,3,0,Clubhouse
179,Ritzao,Y11S1,LOSS,4827,4801,-26,0.29,2,7,4,Kafe Dostoyevsky
180,Ritzao,Y11S1,WIN,4801,4807,6,0.25,1,4,2,Border
181,Ritzao,Y11S1,WIN,4807,4813,6,1.25,5,4,2,Coastline
182,Ritzao,Y11S1,WIN,4813,4818,5,0.75,3,4,1,Clubhouse
183,Ritzao,Y11S1,WIN,4818,4823,5,0.6,3,5,2,Consulate
184,Ritzao,Y11S1,WIN,4823,4828,5,1.5,6,4,6,Nighthaven Labs
185,Ritzao,Y11S1,Unknown,4828,4846,18,0,0,0,0,
186,Ritzao,Y11S1,WIN,4846,4850,4,1.33,4,3,2,Villa
187,Ritzao,Y11S1,WIN,4850,4854,4,2,4,2,2,Clubhouse
188,Ritzao,Y11S1,WIN,4854,4858,4,1.2,6,5,4,Border
189,Ritzao,Y11S1,WIN,4858,4889,31,3,6,2,3,Clubhouse
190,Ritzao,Y11S1,Unknown,4889,4904,15,0,0,0,0,
191,Ritzao,Y11S1,WIN,4904,4908,4,1.67,10,6,2,Border
192,Ritzao,Y11S1,LOSS,4908,4880,-28,1,7,7,2,Nighthaven Labs
193,Ritzao,Y11S1,WIN,4880,4884,4,8,8,0,1,Lair
194,Ritzao,Y11S1,WIN,4884,4888,4,1.67,10,6,2,Villa
195,Ritzao,Y11S1,WIN,4888,4892,4,1.67,5,3,2,Consulate
196,Ritzao,Y11S1,WIN,4892,4896,4,9,9,1,0,Border
197,Ritzao,Y11S1,LOSS,4896,4868,-28,0.88,7,8,2,Oregon
198,Ritzao,Y11S1,WIN,4868,4872,4,1.8,9,5,1,Fortress
199,Ritzao,Y11S1,WIN,4872,4876,4,1,3,3,1,Villa
200,Ritzao,Y11S1,LOSS,4876,4849,-27,0.4,2,5,1,Clubhouse
201,Ritzao,Y11S1,WIN,4849,4853,4,1.25,5,4,1,Chalet
202,Ritzao,Y11S1,LOSS,4853,4826,-27,0.75,3,4,0,Villa
203,Ritzao,Y11S1,LOSS,4826,4800,-26,1,6,6,1,Clubhouse
204,Ritzao,Y11S1,WIN,4800,4806,6,3.33,10,3,0,Kafe Dostoyevsky
205,Ritzao,Y11S1,WIN,4806,4812,6,3,3,1,0,Consulate
206,Ritzao,Y11S1,WIN,4812,4817,5,5,10,2,1,Nighthaven Labs
207,Ritzao,Y11S1,WIN,4817,4822,5,0.5,1,2,1,Villa
208,Ritzao,Y11S1,WIN,4822,4827,5,1.33,4,3,0,Lair
209,Ritzao,Y11S1,WIN,4827,4832,5,1.33,8,6,1,Nighthaven Labs
210,Ritzao,Y11S1,WIN,4832,4837,5,0.33,2,6,4,Kafe Dostoyevsky
211,Ritzao,Y11S1,WIN,4837,4842,5,2.33,14,6,0,Coastline
212,Ritzao,Y11S1,WIN,4842,4846,4,0.33,1,3,0,Border
213,Ritzao,Y11S1,WIN,4846,4850,4,1,5,5,2,Villa
214,Ritzao,Y11S1,LOSS,4850,4823,-27,1,4,4,0,Chalet
215,Ritzao,Y11S1,WIN,4823,4828,5,2.5,5,2,0,Clubhouse
216,Ritzao,Y11S1,WIN,4828,4833,5,1.2,6,5,1,Consulate
217,Ritzao,Y11S1,WIN,4833,4838,5,1,3,3,2,Coastline
218,Ritzao,Y11S1,WIN,4838,4843,5,6,6,1,0,Villa
219,Ritzao,Y11S1,WIN,4843,4847,4,2,8,4,0,Border
220,Ritzao,Y11S1,LOSS,4847,4820,-27,0.67,4,6,3,Chalet
221,Ritzao,Y11S1,WIN,4820,4825,5,0,0,1,0,Villa
222,Ritzao,Y11S1,WIN,4825,4830,5,0.75,3,4,4,Nighthaven Labs
223,Ritzao,Y11S1,LOSS,4830,4803,-27,0.8,4,5,1,Lair
224,Ritzao,Y11S1,LOSS,4803,4777,-26,1,4,4,4,Consulate
225,Ritzao,Y11S1,WIN,4777,4783,6,2,4,2,2,Chalet
226,Ritzao,Y11S1,WIN,4783,4789,6,1.33,4,3,3,Chalet
227,Ritzao,Y11S1,WIN,4789,4795,6,1.5,6,4,0,Kafe Dostoyevsky
1,TestYou,Y11S1,WIN,1000,1076,76,1.33,8,6,0,
2,TestYou,Y11S1,LOSS,1076,1067,-9,0.2,1,5,0,
3,TestYou,Y11S1,WIN,1067,1141,74,1,2,2,2,
4,TestYou,Y11S1,LOSS,1141,1131,-10,0.5,2,4,0,
5,TestYou,Y11S1,LOSS,1131,1121,-10,0.2,1,5,0,
6,TestYou,Y11S1,WIN,1121,1191,70,6,6,0,1,
7,TestYou,Y11S1,LOSS,1191,1180,-11,2.75,11,4,1,
8,TestYou,Y11S1,WIN,1180,1247,67,1.33,8,6,0,
9,TestYou,Y11S1,WIN,1247,1313,66,2.8,14,5,1,
10,TestYou,Y11S1,WIN,1313,1377,64,1.25,5,4,4,
11,TestYou,Y11S1,LOSS,1377,1364,-13,0.83,5,6,1,
12,TestYou,Y11S1,WIN,1364,1425,61,1,5,5,3,
13,TestYou,Y11S1,LOSS,1425,1412,-13,1.33,8,6,0,
14,TestYou,Y11S1,WIN,1412,1470,58,1.67,5,3,1,
15,TestYou,Y11S1,Unknown,,1456,,0,0,3,0,
16,TestYou,Y11S1,LOSS,1456,1441,-15,0.2,1,5,0,
17,TestYou,Y11S1,LOSS,1441,1426,-15,0.25,1,4,1,
18,TestYou,Y11S1,LOSS,1426,1411,-15,0,0,6,1,
19,TestYou,Y11S1,WIN,1411,1463,52,0.11,1,9,1,
20,TestYou,Y11S1,LOSS,1463,1447,-16,0.25,1,4,0,
21,TestYou,Y11S1,LOSS,1447,1431,-16,0,0,5,0,
22,TestYou,Y11S1,WIN,1431,1480,49,1,6,6,5,
23,TestYou,Y11S1,LOSS,1480,1463,-17,0,0,4,0,
24,TestYou,Y11S1,LOSS,1463,1446,-17,0.5,2,4,0,
25,TestYou,Y11S1,LOSS,1446,1429,-17,0.4,2,5,0,
26,TestYou,Y11S1,LOSS,1429,1411,-18,0,0,2,0,
27,TestYou,Y11S1,LOSS,1411,1400,-11,0.25,1,4,0,
28,TestYou,Y11S1,LOSS,1400,1381,-19,0.5,2,4,1,
29,TestYou,Y11S1,LOSS,1381,1362,-19,0.75,3,4,0,
30,TestYou,Y11S1,LOSS,1362,1343,-19,0.2,1,5,1,
31,TestYou,Y11S1,LOSS,1343,1323,-20,0.8,4,5,1,
32,TestYou,Y11S1,LOSS,1323,1302,-21,1.33,4,3,1,
33,TestYou,Y11S1,LOSS,1302,1300,-2,0.75,3,4,0,
34,TestYou,Y11S1,WIN,1300,1331,31,1.4,7,5,3,
35,TestYou,Y11S1,WIN,1331,1362,31,1,4,4,1,
36,TestYou,Y11S1,WIN,1362,1397,35,1,2,2,1,
37,TestYou,Y11S1,WIN,1397,1433,36,2.5,5,2,1,
38,TestYou,Y11S1,WIN,1433,1473,40,1,3,3,2,
39,TestYou,Y11S1,WIN,1473,1512,39,1,3,3,1,
40,TestYou,Y11S1,WIN,1512,1550,38,1,2,2,2,
41,TestYou,Y11S1,WIN,1550,1586,36,0.4,2,5,2,
42,TestYou,Y11S1,WIN,1586,1620,34,4,4,1,1,
43,TestYou,Y11S1,WIN,1620,1653,33,1.33,4,3,3,
44,TestYou,Y11S1,LOSS,1653,1632,-21,0.25,1,4,0,
45,TestYou,Y11S1,LOSS,1632,1611,-21,0.5,2,4,0,
46,TestYou,Y11S1,LOSS,1611,1600,-11,0.5,2,4,0,
47,TestYou,Y11S1,LOSS,1600,1578,-22,1.75,7,4,1,
48,TestYou,Y11S1,WIN,1578,1608,30,2.5,5,2,2,
49,TestYou,Y11S1,WIN,1608,1639,31,2.25,9,4,2,
50,TestYou,Y11S1,WIN,1639,1668,29,1.67,5,3,1,
51,TestYou,Y11S1,WIN,1668,1696,28,1.5,6,4,3,
52,TestYou,Y11S1,WIN,1696,1725,29,0.2,1,5,1,
53,TestYou,Y11S1,WIN,1725,1758,33,1.67,10,6,2,
54,TestYou,Y11S1,LOSS,1758,1737,-21,0.2,1,5,0,
55,TestYou,Y11S1,LOSS,1737,1715,-22,0.6,3,5,0,
56,TestYou,Y11S1,LOSS,1715,1700,-15,0,0,4,0,
57,TestYou,Y11S1,LOSS,1700,1677,-23,0.25,1,4,0,
58,TestYou,Y11S1,LOSS,1677,1654,-23,0,0,3,1,
59,TestYou,Y11S1,LOSS,1654,1630,-24,0.25,1,4,0,
60,TestYou,Y11S1,LOSS,1630,1605,-25,0.5,2,4,0,
61,TestYou,Y11S1,LOSS,1605,1600,-5,0,0,4,1,
62,TestYou,Y11S1,LOSS,1600,1575,-25,0,0,4,0,
63,TestYou,Y11S1,LOSS,1575,1550,-25,0.5,2,4,0,
64,TestYou,Y11S1,LOSS,1550,1524,-26,0,0,4,0,
65,TestYou,Y11S1,WIN,1524,1542,18,2,6,3,0,
66,TestYou,Y11S1,WIN,1542,1560,18,6,6,1,1,
67,TestYou,Y11S1,WIN,1560,1582,22,1,3,3,0,
68,TestYou,Y11S1,WIN,1582,1605,23,0.5,2,4,2,
69,TestYou,Y11S1,WIN,1605,1628,23,0.6,3,5,6,
70,TestYou,Y11S1,WIN,1628,1649,21,1,4,4,1,
